source_db,id,title,authors,year,journal,abstract,keywords,doi,citations,affiliation
crossref,10.1111/j.1574-0862.2008.00334.x,Credit constraints and productivity in Peruvian agriculture,Guirkinger Catherine; Boucher Stephen R.,2008,Agricultural Economics,"Abstract This article evaluates the performance of a rural credit market in Peru. We develop a model that shows that collateral requirements imposed by lenders in response to asymmetric information can lead not just to quantity rationing but also to transaction cost rationing and risk rationing. Just like quantity rationing, these two additional forms of nonprice rationing adversely affect farm resource allocation and productivity. We test the insights of the model using a panel data set from Northern Peru. We estimate the returns to productive endowments for constrained and unconstrained households using a switching regression model. We find that, consistent with the theory, productivity is independent of endowments for unconstrained households but is tightly linked to endowments for constrained households. We estimate that credit constraints lower the value of agricultural output in the study region by 26%.",,10.1111/j.1574-0862.2008.00334.x,157,
openalex,https://openalex.org/W2922054544,"Access to Rural Credit Markets in Developing Countries, the Case of Vietnam: A Literature Review",Ta Nhat Linh; Hoang Thanh Long; Liqun Chi; Le Thanh Tam; Philippe Lebailly,2019,Sustainability,"Agricultural sectors play an important role in the process of economic development of a country, especially in developing ones. Vietnam is known as an emerging market, which depends directly on agriculture-related activities for their livelihood, in which the issue of rural credit access still remains a confounding problem. The paper focuses on the characteristics of rural credit markets, the determinants of farmer access to the markets, the socio-economic impacts of credit access in Vietnam and briefly comparing with those of some developing countries. This question is addressed by reviewing existing literature and empirical evidence, followed by a comprehensive case study in Vietnam. Comprehensive literature review with secondary data collection and key informant interviews are methods that are applied in this research. The results of this analysis indicate the features of Vietnam markets as participated constraints, government intervention, and segmentation. Other results reveal the significant determinants of credit accessibility. Impacts of credit access on output production, household income, and poverty reduction are highlighted in this paper. Some managerial implications are recommended for households through participation in lending networks; for financial institutions relating to expand target clients as well as capital allocation; and, for policy-makers via ensuring market competitiveness and sustainable development in the long run.",market access; business; livelihood; developing country; poverty; economic interventionism; economic growth; agricultural productivity; bond market; government linguistics; capital market; access to finance; agriculture; public economics; economics,10.3390/su11051468,135,National Economics University; Hue University; University of Liège
openalex,https://openalex.org/W2887412569,"Effects of agricultural credit on wheat productivity of small farms in Sindh, Pakistan",Abbas Ali Chandio; Yuansheng Jiang; Feng Wei; Xu Guangshun,2018,Agricultural Finance Review,"Purpose The purpose of this paper is to evaluate the impact of short-term loan (STL) vs long-term loan (LTL) on wheat productivity of small farms in Sindh, Pakistan. Design/methodology/approach The econometric estimation is based on cross-sectional data collected in 2016 from 18 villages in three districts, i.e. Shikarpur, Sukkur and Shaheed Benazirabad, Sindh, Pakistan. The sample data set consist of 180 wheat farmers. The collected data were analyzed through different econometric techniques like Cobb–Douglas production function and Instrumental variables (two-stage least squares) approach. Findings This study reconfirmed that agricultural credit has a positive and highly significant effect on wheat productivity, while the short-term loan has a stronger effect on wheat productivity than the long-term loan. The reasons behind the phenomenon may be the significantly higher usage of agricultural inputs like seeds of improved variety and fertilizers which can be transformed into the wheat yield in the same year. However, the LTL users have significantly higher investments in land preparation, irrigation and plant protection, which may lead to higher wheat production in the coming years. Research limitations/implications In the present study, only those wheat farmers were considered who obtained agricultural loans from formal financial institutions like Zarai Taraqiati Bank Limited and Khushhali Bank. However, in the rural areas of Sindh, Pakistan, a considerable proportion of small-scale farmers take credit from informal financial channels. Therefore future researchers should consider the informal credits as well. Originality/value This is the first paper to examine the effects of agricultural credit on wheat productivity of small farms in Sindh, Pakistan. This paper will be an important addition to the emerging literature regarding effects of credit studies.",loan; productivity; agriculture; agricultural productivity; production economics; yield engineering; agricultural economics; business; agricultural science; economics; geography; economic growth,10.1108/afr-02-2017-0010,108,Sichuan Agricultural University
crossref,10.1111/agec.12239,The productivity of agricultural credit in India,Narayanan Sudha,2016,Agricultural Economics,"Abstract This study examines the nature of the relationship between formal agricultural credit and agricultural Gross Domestic Product (GDP) in India, specifically the role of the former in supporting agricultural growth, using state level panel data covering the period 1995–1996 to 2011–2012. The study uses a mediation analysis framework to map the pathways through which institutional credit relates to agricultural GDP relying on a control function approach to tackle the problem of endogeneity. The findings from the analysis suggest that over this period, all the inputs are highly responsive to an increase in institutional credit to agriculture. A 10% increase in credit flow in nominal terms leads to an increase by 1.7% in fertilizers (N, P, K) consumption in physical quantities, 5.1% increase in the tonnes of pesticides, 10.8% increase in tractor purchases. Overall, it seems quite clear that input use is sensitive to credit flow, whereas GDP of agriculture is not. Credit seems therefore to be an enabling input, but one whose effectiveness is undermined by low technical efficiency and productivity.",,10.1111/agec.12239,83,Indira Gandhi Institute of Development Research Goregaon East Mumbai 400 065 India
crossref,10.1108/afr-10-2016-0078,"Farm credit access, credit constraint and productivity in Ghana",Sekyi Samuel; Abu Benjamin Musah; Nkegbe Paul Kwame,2017,Agricultural Finance Review,"Purpose The purpose of this paper is to examine farmers’ access to credit, credit constraint, and productivity in the Northern Savannah ecological zone of Ghana. Design/methodology/approach Secondary data from the Ghana Feed the Future baseline survey involving a total sample of 2,968 farm households were used. The conditional mixed process (CMP) framework was applied to estimate access to credit, credit constraint, and productivity simultaneously. As a system estimator the CMP corrects for possible heterogeneity and sample selection bias. Findings The results from the estimations revealed that age, literacy, farm non-mechanized equipment, and group membership were the variables influencing farmers’ access to credit. Credit constraint conditions were determined by household size, locality, group membership, and household durable assets. Finally, the results showed that productivity of farmers was dependent on marital status, household size, locality, farm size, commercialization, farm mechanized equipment, group membership, and household durable assets. Originality/value This paper is the first, to the best of the authors’ knowledge, to use the CMP framework to jointly estimate access to credit, credit constraint, and productivity. The results indicate that estimating credit access and constraint models separately would have yielded biased estimates. Thus, this paper informs future research on farmers’ credit access, credit constraint, and productivity for informed policymaking.",,10.1108/afr-10-2016-0078,62,
crossref,10.1080/1540496x.2019.1602038,Agricultural Credit and Its Impact on the Productivity of Certain Cereals in Togo,Agbodji Akoété Ega; Johnson Ablamba Ahoefavi,2019,Emerging Markets Finance and Trade,,,10.1080/1540496x.2019.1602038,57,"Department of Economics, University of Lomé, Lomé, Togo"
openalex,https://openalex.org/W4244235506,Factors influencing agricultural credit demand in Northern Ghana,Baba Hananu; Abdul-Hanan Abdallah; Hudu Zakaria,2015,African Journal of Agricultural Research,"The greatest challenge to food security is low productivity emanating from slow growth in the agricultural sector and one of the reasons for this is little or no access to financial resources by producers. Credit is one of the empowerment tools that have the potential to boost the productivity, increase food security and change the life of farmers from a situation of abject poverty to a more dignified life in the long run.&nbsp; Using a household survey data from United State Agency for International Development&rsquo;s feed the future initiative; this study employed the logistic regression model to investigate the factors influencing households&rsquo; demand for &nbsp;agricultural credit placing much emphasis on membership to organization. A total sample size of 2,330 farm households selected from Northern Ghana was used. &nbsp;The results of the logistic regression model revealed significant and positive variables such as age, education, group membership and source of credit. We therefore call on stakeholders to encourage formation of cooperative groups to enable farmers pull resources together or streamline loan application procedures, intensify education of farmers on loan procedures and promote flexibility in types of collateral demanded by financial institutions in order to enhance access. &nbsp; Key words: Credit access, farmers, food security, Ghana, logit model.",food security; collateral; agriculture; business; empowerment; loan; poverty; agency philosophy; productivity; agricultural productivity; agricultural economics; economic growth; marketing; economics; geography,10.5897/ajar2014.9330,55,University for Development Studies; Rural Development Institute
openalex,https://openalex.org/W2551985937,"Socioeconomic Factors Influencing Agricultural Production among Cooperative Farmers in Anambra State, Nigeria",Theresa U. Anigbogu; Obianuju Emmanuela Agbasi; Ikechukwu Moses Okoli,2015,International Journal of Academic Research in Economics and Management Sciences,"The study was informed by the perceived declining food production in Nigeria which was supported by literature. Food production in Nigeria no longer keep with population growth. Thus creating a wide gap between the demand and supply of food. To investigate the identified problem of perceived declining food production in Nigeria, the study specifically investigated the influence of socioeconomic characteristics of the cooperative farmers on agricultural production as proxied by the farmers output levels using a regression model of the ordinary least square. Findings revealed that eight (Age, Educational Qualification, Farming Experience, Farm Size, Income, Seedling Obtain, Fertilizer Obtain and Fertility of the land) out of the fourteen coefficients of the variables included in the model are significant. Twelve of the coefficients have positive relationship with the cooperative farmers output. While four of the coefficients have inverse relationship with cooperative farmers output. The joint effect of the explanatory variable in the model account for 95.9% of the variations in the factors affecting the cooperative farmers output. The study therefore recommends among others that the government should provide agricultural credit to farmers, initiate and support mechanized farming. This will help improve the productivity and output of the farmers in Anambra state. The government should also encourage the farmers by improving on agricultural Infrastructural Facilities because it has been identified as one of the major challenges faced by the cooperative farmers in improving agricultural production.",agriculture; productivity; production economics; agricultural productivity; socioeconomic status; local government area; business; population; government linguistics; agricultural economics; agricultural science; economics; economic growth; geography; subsidy; environmental health,10.6007/ijarems/v4-i3/1876,45,Nnamdi Azikiwe University
crossref,10.1111/j.1477-9552.2000.tb01239.x,The Technical Efficiency Impact of Farm Credit Programmes: A Case Study of Northern Germany,Brümmer Bernhard; Loy Jens‐Peter,2000,Journal of Agricultural Economics,"We analyse the technical efficiency of dairy farms in Schleswig‐Holstein that took part in the European Farm Credit Programme over the period 1987 to 1994. One goal of this programme is to increase the productivity of farms. We test whether participants show higher technical efficiency. We utilise a stochastic frontier model that allows for heteroscedasticity and estimation of determinants of technical inefficiency. Statistical tests indicate dominance of this model over alternative specifications. On average, we observe a high level of technical efficiency between 1987–94, but participation in the programme has rather led to a slight decrease. Thus, the programme seems to have failed to increase the competitiveness of farms.",,10.1111/j.1477-9552.2000.tb01239.x,39,
openalex,https://openalex.org/W4386567691,Impact of credit access on farm performance: Does source of credit matter?,Tri Haryanto; Wahyu Wisnu Wardana; Iqram Ramadhan Jamil; Annisaa Rizky Dwi Brintanti; Kabiru Hannafi Ibrahim,2023,Heliyon,"Access to credit is crucial to improve farm performance as it allows farmers to procure inputs and technology. However, on the empirical front, evidence of the impact of agricultural credit access remains scanty. This study examines how access to credit from formal and informal sources influences the productivity and technical efficiency of maize farming in ten major maize-producing provinces in Indonesia. Secondary Food Crops Survey data by Statistics Indonesia were employed and analyzed using a quasi-experimental approach, i.e., the propensity score matching (PSM). The estimation shows that agricultural credit access improves farm performance. In fact, the ability to obtain credit from institutions increased productivity and technical efficiency more effectively than from informal sources. This study suggests that agricultural credit access remains relevant in Indonesia and needs to be improved continuously.",productivity; agriculture; business; agricultural productivity; matching statistics; credit history; agricultural economics; agricultural science; economics; economic growth; statistics; geography; mathematics,10.1016/j.heliyon.2023.e19720,38,Airlangga University; Padjadjaran University; Federal University Birnin Kebbi
crossref,10.1111/j.1574-0862.2012.00583.x,Rural credit and agricultural supply in Brazil,De Castro Eduardo Rodrigues; Teixeira Erly Cardoso,2012,Agricultural Economics,"Abstract The objective of this study is to determine the financing impact of total expenditure on the use of agriculture inputs (fertilizers, labor, and pesticides), and the output of cotton, rice, beans, corn, soybean, and wheat in Brazil. We study the period 1976–2005. The analysis is based on duality applied to the production theory. The output supplies and conditioned input demands are estimated from a translog multi‐output, multi‐input restricted profit function, where the total production credit is used as proxy of the total expenditure. Farmer expectations with respect to crop prices are incorporated to the estimation based on the quasi‐rational expectation model. The output and input responses to the total expenditure are positive and statistically significant except for cotton, wheat, fertilizer, and pesticides. The short‐run output supply response to own prices is inelastic, except for wheat, which presents elastic response to its price. Acreage has a positive impact on the output supply and it is influenced by land productivity. The main conclusion is that farmers face budget restrictions to purchase inputs, and a government credit program might increase the agricultural supply.",,10.1111/j.1574-0862.2012.00583.x,38,
crossref,10.3390/ijerph20010529,Does Agricultural Credit Input Promote Agricultural Green Total Factor Productivity? Evidence from Spatial Panel Data of 30 Provinces in China,Wang Fuwei; Du Lei; Tian Minghua,2022,International Journal of Environmental Research and Public Health,"Improving agricultural green total factor productivity is crucial to promoting high-quality agricultural development. This paper selects the panel data of 30 provinces in China from 2009 to 2020 and uses the super-efficiency SBM model with undesirable outputs to measure the agricultural green total factor productivity of all regions in China. On this basis, this paper uses the panel data fixed-effect model and spatial Durbin model to empirically discuss the impact of agricultural credit input on agricultural green total factor productivity and its spatial spillover effect. The main conclusions are as follows: First, from 2009 to 2020, the average values of agricultural green total factor productivity in national, eastern, central, and western regions are 0.8909, 0.9977, 0.9231, and 0.8068, respectively, and the agricultural green total factor productivity needs to be further improved. Second, the agricultural green total factor productivity presents a significant and positive spatial correlation, and the spatial distribution of agricultural green total factor productivity is not random and irregular. Third, agricultural credit input can significantly promote agricultural green total factor productivity in the local region, but it hinders the improvement of agricultural green total factor productivity in the adjacent regions. Fourth, the impact of agricultural credit input on the agricultural green total factor productivity and its spillover effect has a significant regional heterogeneity. This paper believes that paying attention to the spatial spillover effect of agricultural total factor productivity, optimizing the structure and scale of agricultural credit input, and formulating reasonable agricultural credit policies can improve agricultural green total factor productivity.",,10.3390/ijerph20010529,37,"School of Economics and Management, Beijing Forestry University, Beijing 100083, China"
openalex,https://openalex.org/W4229013663,A Review on Access to Agriculture Finance by Farmers and its Impact on their Income,Ujwala Kambali; Niyaz Panakaje,2022,International Journal of Case Studies in Business IT and Education,"Purpose: Agricultural financing is a critical component of all agricultural development operations aimed at improving the productivity. Farmers must have access to sufficient and timely financing for irrigation, farm mechanisation, and land expansion. The main goal of the study is to identify and explore the factors affecting agriculture finance, understand the challenges faced by the farmers, to compare the growth of farmer’s income before and after availing finance support and the strategies required to improve the agriculture credit to farmers. Design/Methodology/Approach: The study is based on secondary data gathered from several publications, websites, and other pertinent substance from NABARD and RBI annual reports. Findings: The study revealed that smallholder systems, policies, and investments are meant to improve infrastructure, boosting efficiency to expand and finance services, and increasing labour availability or automation; formal financial outlets have improved in region regions; financial institution violations are regulated by regulatory frameworks, such as charging exorbitantly high interest rates or taking excessive risks with people’s savings or investors’ assets; and financial institution violations are controlled by regulatory frameworks, such as charging exorbitantly high interest rates or taking unnecessary. Originality/Value: This study is infrequent in that it endeavours to trace the access of agricultural finance by farmers, as well as its impression on farmer’s income level varying to numerous agricultural strategies that have been enacted as a result of agricultural finance. Paper type: Review Paper",agriculture; business; productivity; financial institution; economics; economic growth,10.47992/ijcsbe.2581.6942.0166,36,Mangalore University
openalex,https://openalex.org/W2800924930,Evolution of agriculture finance in India: a historical perspective,Nisha Bharti,2018,Agricultural Finance Review,"Purpose Lack of access to finance is one of the major contributing to low profitability in agriculture. Various policy interventions were performed for promoting access to finance. However, access to finance always remained one of the biggest challenges to Indian policymakers. The purpose of this paper is to explore the policy interventions in the areas of agriculture finance. Design/methodology/approach This paper makes an attempt to explore the relation of earlier policy initiatives with the current microfinance industry as well. The data for the paper are collected from Reserve Bank of India Archive Museum at Pune. This Museum is having huge collection of archives of policy documents of the Indian financial sector and is one of its kinds in India. Findings The study concludes that many of the interventions of today were earlier experimented or proposed in the past but, due to some or the other reason those, interventions were not successful. The study concludes that if those interventions had been implemented that time, it would have taken India in one of the tops in the list of financial inclusion. Originality/value This paper is a unique in its feature as it has tried to link the evolution of agriculture finance and the microfinance industry of India as microfinance is an integral part of agricultural finance in India.",microfinance; financial inclusion; agriculture; psychological intervention; profitability index; business; economics; financial services; economic growth; geography,10.1108/afr-05-2017-0035,35,Symbiosis International University
openalex,https://openalex.org/W4313894642,"The Impact of Formal Agricultural Credit on Farm Productivity and Its Utilization in Khyber Pakhtunkhwa, Pakistan",Chitralada Chaiya; Sikandar Sikandar; Pichate Pinthong; Shahab E. Saqib; Niaz Ali,2023,Sustainability,"Agricultural mechanization and the use of mixed inputs ensure higher productivity. In this regard, the Government of Pakistan has executed an approach for the provision of agricultural credit to smallholders for improving agricultural production. However, many issues are involved in the extent, utilization and impacts of credit. This study aims to explore the impact of credit, its utilization, misuse and factors determining the extent of agricultural credit in Pakistan. A semi-structured questionnaire was developed to collect data from 316 farmers in Mardan District. The study was analyzed through statistical tools such as a paired t-test, ANOVA and multiple regressions. Results showed that agricultural credit enhanced crops’ production. However, according to percentage use, misuse of the credit was more common than its proper utilization. Farmers utilized credit for land preparation, fertilizers, seeds, pesticides and daily labor. They misused agricultural credit for healthcare, education of children, domestic needs and business. Results of the regression model showed that farmers’ age, experience, farm size, farm income, farm labor and land ownership were determinants of the extent of agricultural credit. Policy measures should be taken to stop the misuse of agricultural credit to achieve the target set for agricultural productivity.",agricultural productivity; agriculture; business; productivity; agricultural economics; government linguistics; production economics; farm income; agricultural science; economics; economic growth; geography,10.3390/su15021217,33,Mahasarakham University; Abdul Wali Khan University Mardan; National Institute of Development Administration; Government of Khyber Pakhtunkhwa
crossref,10.1080/13504509.2024.2366474,"Unravelling the role of renewable energy, information and communication technology and agricultural credit for sustainable agricultural productivity in developing countries",Sethi Litu; Behera Puspanjali; Behera Biswanath; Sethi Narayan,2024,International Journal of Sustainable Development &amp; World Ecology,,,10.1080/13504509.2024.2366474,32,"Department of Humanities and Social Sciences, National Institute of Technology Rourkela, Rourkela, Odisha, India"
openalex,https://openalex.org/W4387475980,Does digital inclusive finance promote the integration of rural industries? Based on the mediating role of financial availability and agricultural digitization,Yan Huang; Junyan Zhao; Shi Yin,2023,PLoS ONE,"The integration of rural industries will inevitably lead to new business forms and new models, which put forward new requirements for traditional agricultural finance. The development of digital inclusive finance will provide new momentum for the integration of rural industries. Based on the provincial panel data from 2011 to 2020, the evaluation index system is constructed from three dimensions: industrial integration method, integration subject and integration format, and the development index of rural industrial integration is calculated. This paper establishes double fixed effect model and intermediary effect model to test the effect and path of digital inclusive finance on the integration of rural industries, and further explores the regulatory role and spatial difference of financial support. The results show that: (1) The integration of rural industries shows a growing trend, the eastern region develops more rapidly, while the central and western regions develop more slowly; (2) The digital inclusive finance can promote the integration of rural industries, digitization degree is remarkable, but coverage breadth and using depth are not significant, increasing the rate of per capita electricity consumption and urbanization can promote the integration of rural industries, consumption has limited pulling effect on the integration of rural industries, the per capita investment in fixed assets has no significant effects on the integration of rural industries; (3) The financial availability and the agricultural digitization play a complete intermediary effect; (4) Financial support has a negative moderating effect on the relationship between the two; (5) The eastern and central regions have a significant promoting effect, while the western region has a negative effect.",per capita; digitization; financial integration; agriculture; business; financial services; rural area; economics; consumption sociology; industrial organization; agricultural economics; financial market; telecommunications; engineering; population; geography,10.1371/journal.pone.0291296,30,Hebei Agricultural University
openalex,https://openalex.org/W2894478169,The Use of Financial Technology in the Agriculture Sector,Craig Mcintosh; Caio Scuarcialupi Mansini,2018,Econstor (Econstor),"The finance sector has a key role to play in allowing agriculture to contribute to economic growth and poverty reduction. A rapidly evolving technological landscape is opening up new possibilities to target and price credit, to share risk, and to harness information technology to expand agricultural productivity. At the same time, many obstacles are not technological, so it is important to look for strategic places where policy and investment can help to improve outcomes for agricultural households. Our analysis first situates agricultural finance in the Asian context, and then discusses the role of financial technology (FinTech) in driving new products in credit and risk markets. We examine linkages to mobile money, financial literacy, national identification systems, and blockchain technology. The paper concludes with a discussion of policy takeaways for FinTech in agriculture to promote growth, enhance financial inclusion, and improve regional economic integration.",business; financial sector; agriculture; geography,,29,
crossref,10.1108/afr-10-2019-0116,Uptake of insurance-embedded credit in presence of credit rationing: evidence from a randomized controlled trial in Kenya,Ndegwa Michael K.; Shee Apurba; Turvey Calum G.; You Liangzhi,2020,Agricultural Finance Review,"Purpose Drought-related climate risk and access to credit are among the major risks to agricultural productivity for smallholder farmers in Kenya. Farmers are usually credit-constrained due to either involuntary quantity rationing or voluntary risk rationing. By exploiting randomized distribution of weather risk-contingent credit (RCC) and traditional credit, the authors estimate the causal effect of bundling weather index insurance to credit on uptake of agricultural credits among rural smallholders in Eastern Kenya. Further, the authors assess farmers' credit rationing, its determinants and effects on credit uptake. Design/methodology/approach The study design was a randomized controlled trial (RCT) conducted in Machakos County, Kenya. 1,170 sample households were randomly assigned to one of three research groups, namely control, RCC and traditional credit. This paper is based on baseline household survey data and the first phase of loan implementation data. Findings The authors find that 48% of the households were price-rationed, 41% were risk-rationed and 11% were quantity-rationed. The average credit uptake rate was 33% with the uptake of bundled credit being significantly higher than that of traditional credit. Risk rationing seems to influence the credit uptake negatively, whereas premium subsidies do not have any significant association with credit uptake. Among the socio-economic variables, training attendance, crop production being the main household head occupation, expenditure on food, maize labour requirement, hired labour, livestock revenue and access to credit are found to influence the credit uptake positively, whereas the expenditure on non-food items is negatively related with credit uptake. Research limitations/implications The study findings provide important insights on the factors of credit demand. Empirical results suggest that risk rationing is pervasive and discourages farmers to take up credit. The study results also imply that credit demand is inelastic although relatively small sample size for RCC premium subsidy groups may be a limiting factor to the authors’ estimation. Originality/value By implementing a multi-arm RCT, the authors estimate the factors affecting the uptake of insurance bundled agricultural credits along with eliciting credit rationing among rural smallholders in Eastern Kenya. This paper provides key empirical findings on the uptake of RCC and the effect of credit rationing on uptake of agricultural credits, a field which has been majorly theoretical.",,10.1108/afr-10-2019-0116,25,
openalex,https://openalex.org/W4233930428,Gender Disparities and the Role of Women in Smallholder Agriculture in Sub-Saharan Africa,A Ngodoo; P Idisi; M Pitcher; K Saito; H Mekonnen; D Spurling,2016,International Journal of Science and Research (IJSR),"Gender equality is a basic human right that requires that men and women be treated equally with respect to resources, legislation and policies.Gender-based discrimination results in serious gaps in political, social and economic participation.In sub-Saharan Africa, agriculture is the livelihood of nearly 70% of the economically active population.For the rural poor, agriculture is the main source of employment and income, although the income generated is low.A host of factors leading to low yields means that many households continue to be food insecure.High rates of hunger are strongly linked to gender inequality. The agricultural sector is underperforming in many sub-Saharan African countries, in part because women do not have equal access to the resources and opportunities they need to become more productive. Women smallholder farmers in the sub-Saharan African region face numerous constraints. They may have access to land but very few actually own or have title to it; their plots tend to be less fertile than those belonging to men; they have fewer farm tools and equipment; and limited access to farm credit, inputs, technologies and information. In addition, women farmers lack access to improved seeds, reliable water supplies, markets, financing and insurance options, and moreover, suffer from unsupportive public policies. Furthermore, smallholder African women farmers often do not get paid for the farm work that they do, nor do they always earn and control the income from sales, a factor that may affect their incentives to effectively participate in agricultural production. Research also shows that development policies and practices often exacerbate the situation as they do not offer women farmers equal access to development resources, training and information, thereby limiting their opportunities and ability to contribute to agricultural development, food security and poverty reduction. The household and societal pay-offs to reducing women's constraints in productive activities are significant. Closing the agricultural gender gap would result in significant gains for the agricultural sector as well as society as a whole. Increasing the opportunities for women can have a powerful impact on productivity and agricultural-led growth. Women are just as efficient agricultural producers as men and can achieve similar yields when given access to resources, including training and services.",agriculture; geography; socioeconomics; economic growth; economics,10.21275/v5i1.sub159112,24,
crossref,10.1108/afr-04-2013-0020,Policy rationing in rural credit markets,Turvey Calum G.,2013,Agricultural Finance Review,"Purpose The purpose of this paper is to present a discussion on the idea of “policy rationing”. Policy rationing refers to constraining impacts on farm credit through policy action or inaction. To present the ideas the author discusses ten themes in policy rationing, ranging from macro‐finance policies to smart lending and financial inclusion. Design/methodology/approach The paper is developed as a narrative on agricultural credit policies based largely on existing literature. Findings This paper argues that the various critiques of rural credit policy in favor of free market principles have generally not worked in developing economies. Large numbers of farmers do not have access to formal credit. It is argued that there is a role for government and credit programs. Research limitations/implications The opinions expressed in this paper are based on existing literature and not all ideas hold with general agreement across researchers and practitioners. The discussion is not exhaustive and in some cases the ideas might have been parsed further. Practical implications In this paper the author discusses ten themes that he thinks are relevant for a balanced discussion of farm credit in a development context. These themes illustrate a variety of complexities with respect to rural credit policy. The author ends by restating the themes in the form of ten questions that should be asked in whole, or in part, before any farm credit policy is field‐implemented. Social implications This paper deals with a broad range of issues on rural credit policy. It is directed towards a reformation of ideas about credit policy, especially in developing economies. It is argued that, all things considered, on balance there is a role for government in rural credit policy. Originality/value There is much discourse amongst development economist about the role of government and credit policy in agricultural development. By thinking of government action or inaction as a form of policy rationing, some clarification is brought to the policy debate.",,10.1108/afr-04-2013-0020,21,
openalex,https://openalex.org/W2791552615,"The Determinants And Impact Of Access To Agricultural Credit On Productivity By Farmers In Nigeria; Evidence from Oyo State, Nigeria.",Amy R. Samson; Olalekan Obademi,2018,Advances in Social Sciences Research Journal,"The focus of this study is to examine the determinants as well as impact of agricultural credit accessed by farmers in Oyo State on productivity, using Ibarapa region as a case study. Descriptive statistics, Probit model and Regression analysis as estimation techniques were used and data were sourced through structured questionnaire. The results obtained from the probit model shows that the model is well fitted for the analysis by revealing the factors that influence farmers’ access to Microfinance bank loan while the results obtained from the regression model revealed that the independent variables engaged in the equation for crop enterprise namely, farm size, labor cost, cost of seeds and amount of credit obtained have positive impact on productivity. Also, Chow-test result shows that the output of Microfinance bank credit beneficiaries is significantly different from that of non-beneficiaries of Microfinance bank credit. Based on the findings, it is recommended that savings mobilization by the Microfinance banks should be encouraged, and long loan repayment period of about two years coupled with low interest rate of at most 5% should be pursued. In addition, farmers should be insured against losses and microfinance bank credit programme should be gender sensitive as women have been reported to be equally efficient in farming activities like their men counterparts. Finally, Microfinance bank should inculcate into their credit programme, input availability (fertilizer, seed, medication etc) which will to a great extent increase agricultural productivity.",microfinance; loan; productivity; probit model; descriptive statistics; agriculture; business; probit; multivariate probit model; regression analysis; economics; agricultural economics; economic growth; statistics; econometrics; geography,10.14738/assrj.53.3588,20,University of Lagos
openalex,https://openalex.org/W4400811622,Impact of Financial Technology (Fin-Tech) on the Restructuring of the Agrarian Economy: A Comprehensive Systematic Review,Akhilesh Sharma; Arvind Mohan; Amar Johri,2024,unknown source,"Agriculture, employing half of India’s workforce and contributing 17-18% to its GDP, stands as the largest employer in the country. Despite its significant role, the agricultural sector is remarkably disorganized. This lack of attention is evident in the decline of its GDP contribution from $43 \%$ to $18 \%$ between 1970 and 2018. While the Indian Government actively promotes digital financial inclusion for over 145 million households without banking access, farmers predominantly rely on traditional credit for key aspects such as production and distribution. Recognizing the pivotal role of the financial sector in elevating agriculture’s contribution to economic growth and poverty reduction, our paper explores the studies conducted in evolving technological landscape. This evolution presents opportunities to focus on and provide credit, share risks, and leverage technology for enhanced agricultural productivity. The paper initiates with an examination various previous article on agricultural finance and also the role of financial technology (Fin-Tech) policy makers to attain the innovative products in agrarian economy. This study is a systematic review to identify the impact of various fin-tech products & services such as; mobile banking, digital financial services, digital crop insurance, solar energy and blockchain technology, on agricultural finance. In conclusion, the paper discusses key policy considerations for Fin-Tech in agriculture, which affects the agricultural growth, enhance financial inclusion, and promote the cultivation by establishing agriculture as a desirable profession.",restructuring; agrarian society; agrarian system; business; economics; economic system; agriculture; geography,10.1109/ccict62777.2024.00049,19,Graphic Era University; Saudi Electronic University
crossref,10.1108/caer-01-2019-0020,"Financial inclusion, land title and credit: evidence from China",Jiang Meishan; Paudel Krishna P.; Peng Donghui; Mi Yunsheng,2020,China Agricultural Economic Review,"Purpose The purpose of this paper is to study land title’s credit effect from a financial inclusion perspective in China. The focus is both small land holding and poor farmers. Formal and informal finances are considered to test their differences in land title’s credit effect. Design/methodology/approach The authors use augmented inverse-probability weights of the doubly robust method to test the effect of land titling on the rural credit market by addressing self-selection, endogeneity and heterogeneity concerns. Findings Results show that the poor, non-poor and small land holders with land titles are willing to borrow more from formal financial institutions. Land titling increases loan accessibility for non-poor and small land holding farmers. As for informal financing, large land holding and non-poor farmers show a decrease in informal lending. Land titling has a financial inclusion effect for some farmers, but poor farmers’ credit restrictions are not entirely solved by land titling. Originality/value This is the first study that focuses on the financial inclusion effect of farm land titling in China.",,10.1108/caer-01-2019-0020,18,
crossref,10.1080/23311932.2024.2329118,How agricultural credit and subsidies impact agricultural productivity in Ethiopia: Empirical evidence using ardl model,Gebeyehu Lemane; Bedemo Amsalu,2024,Cogent Food &amp; Agriculture,,,10.1080/23311932.2024.2329118,17,"Department of Agricultural Economics and Agribusiness Management, Jimma University College of Agriculture and Veterinary Medicine, Jimma, Ethiopia; Department of Policy Studies, Ethiopian Civil Service University, Addis Ababa, Ethiopia"
openalex,https://openalex.org/W4389482469,Impact of Agricultural Credit on Productivity,Hardy Zabatantou Louyindoula; Charles Alexis Bouity; Fernand Owonda,2023,Theoretical Economics Letters,"The aim of this article is to analyze the impact of agricultural credit on agricultural productivity in the Congo. This work finds its affiliation in the neoclassical theory developed by Gurley and Shaw (1967). Then McKinnon (1973) to achieve this objective, we used the ESR model estimated by the maximum likelihood method to take account of selectivity and endogeneity problems. The results obtained show that, on average, the effect of agricultural credit on agricultural productivity is 92.2%; in other words, the majority of farmers who have obtained agricultural credit have a high probability of improving their productivity. These results also show that literacy rate, group membership and age influence access to agricultural credit. These results confirm the hypothesis formulated in this work, insofar as they support the view that access to agricultural credit increases productivity.",productivity; agriculture; endogeneity; agricultural productivity; economics; work physics; agricultural economics; econometrics; economic growth; geography,10.4236/tel.2023.136081,16,Marien Ngouabi University
crossref,10.1016/j.wds.2024.100166,Impact of agricultural credit on coffee productivity in Kenya,Wanzala Richard Wamalwa; Marwa Nyankomo; Lwanga Elizabeth Nanziri,2024,World Development Sustainability,,,10.1016/j.wds.2024.100166,16,
openalex,https://openalex.org/W3006108829,"Effect of Agricultural Credit Access on Rice Productivity: Evidence from the Irrigated Area of Anambe Basin, Senegal",Mouhamadou Foula Diallo; Jiajun Zhou; Hamidullah Elham; De Zhou,2020,Journal of Agricultural Science,"Rice is an important staple food in many developing countries, especially in Senegal. However, rice production in Senegal only meet 20% of the domestic demand largely due to the poor performance of rice farmers and low productivity. Access to agricultural credit has strong impacts on the technical efficiency of farmers and would promote inputs and new technology adoption. But that is not clear enough in previous studies. This study investigates the impact of agricultural credit access on rice productivity and technical efficiency with 260 random sampled rice farmers from Anambe basin in Senegal. The Stochastic Frontier Analysis (SFA) was adopted to estimate the technical efficiency. The results indicate that the inputs of rice production, including labor, pesticide, herbicides and fertilizer, have significant impacts on rice productivity. Furthermore, the results present that the average efficiency is of 0.813 and the inefficiency estimation model reveals that the influences of agricultural credit access, gender, education, ethnicity, use of improved seed and land tenure system on technical inefficiency of rice production are significant. Particularly, for the access to agricultural credit, rice farmers without agricultural credit would get 3.8% higher production inefficiency. The farmers with access to credit yield 37.32% higher rice production than their counterparts. Therefore, our study provides strong empirical evidence to promote agricultural credit in rice production.",inefficiency; productivity; agricultural economics; agricultural productivity; agriculture; production economics; business; agricultural science; economics; geography; environmental science; economic growth,10.5539/jas.v12n3p78,15,Nanjing Agricultural University
openalex,https://openalex.org/W1830573691,The Effect of Types of Agricultural Credit Programmes on Productivity of Small Scale Farming Businesses in Kenya: A Survey of Kimilili Bungoma Sub County,M. Nzomo; Willy Muturi,2014,Journals & Books Hosting (International Knowledge Sharing Platform),"Agricultural credit is considered as one of the strategic resources for pushing production to the high horizons consequently raising the living standards of the rural poor farming community. Harnessing the potentials of credit to stabilize and perhaps increase resource productivity and output growth in Agriculture is particularly justified when farmers face very low savings capacity, poorly developed rural financial markets and availability of appropriate farm technologies whose adoption is constrained by shortage of funds. Agriculture demands different forms of inputs to be productive, among which, credit is indispensable.Based on the need to promote an innovative, commercially-oriented and modern agriculture, Agricultural credit as a key constraint facing the farmers in food production was chosen for this study.The study examined the effect of Agricultural credit programmes on the productivity of rural farming households in Kimilili Bungoma Sub County.The study adopted a cross sectional survey design, wheredata was collected, with the use of a well-structured questionnaire, from 123 randomly selected small-scale rural farmers, who are users of micro-credit based on their statement, through multi-stage sampling technique.The data was processed and analyzed using the Statistical Package for Social Sciences (SPSS). Descriptive statistics was used to analyse the qualitative data while cross-tabulations were done to examine the relationship between variables. Farmers ’ perceptions about the effect of credit were",agriculture; productivity; likert scale; business; agricultural economics; production economics; agricultural productivity; descriptive statistics; scale ratio; agricultural science; farm income; economics; economic growth; statistics; geography,,15,
openalex,https://openalex.org/W4404554227,Does financial inclusion enhance farmers' resilience to climate change? Evidence from rural Ethiopia,Mebratu Negera; Tekie Alemu; Fitsum Hagos; Amare Haileslassie,2024,Sustainable Development,"Abstract Financial inclusion is recognized as a vital driver of sustainable development and serves as a fundamental pillar of climate action. It is crucial to enhance the climate resilience of smallholder farmers in the face of severe and unpredictable climate shocks, which disproportionately affect them. However, the level of financial inclusion in Ethiopia remains low, and its impact on the climate resilience of smallholder farmers has not been thoroughly examined using rigorous model and comprehensive dataset. This study investigates the impact of financial inclusion on the climate resilience of rural households, using a large data set from the Ethiopian Socio‐Economic Survey. The principal component analysis was applied to construct a climate resilience index. The financial inclusion was measured using an index that encompasses three dimensions: penetration, availability, and usage. In order to address the endogenous nature of financial inclusion, an instrumental variable approach was employed, using the distance to the nearest financial institution and religion as instrumental variables. The results demonstrated a positive and significant impact of financial inclusion on the climate resilience of rural households. Therefore, the government should strengthen the provision of essential financial and related infrastructures in rural Ethiopia to improve access to financial products and services. Furthermore, it is essential for policymakers to initiate and implement financial sector reforms that ensure the availability of affordable and tailored financial services. These reforms should also prioritize the development of climate‐resilient agricultural finance, thereby contributing to the achievement of climate action goal of sustainable development.",financial inclusion; psychological resilience; business; environmental resource management; climate resilience; resilience materials science; financial institution; climate change; financial services; natural resource economics; economic growth; public economics; economics,10.1002/sd.3277,14,Addis Ababa University; International Water Management Institute
openalex,https://openalex.org/W2482495172,"Storage Matters: Managing Grain, Securing Finance, and Building Markets",Sarah J. Martin,2016,UWSpace (University of Waterloo),"This dissertation analyzes the nexus of agriculture and finance, specifically the mediating role of grain storage. How grain markets are organized and governed is foundational to food security. Hundreds of millions of metric tonnes of grain are traded and moved around the world, and hundreds of billions of dollars are invested in grain commodities via global commodity exchanges. During the late 20th century, agricultural commodity exchanges (ACEs) usurped other marketing models such as state marketing boards, and now play an increasingly influential role in global agricultural commodities. The development of ACEs and changes in grain storage over the twentieth century had implications for how financial actors could or could not access grain as a financial asset. To understand grain storage in relation to finance, I examine the governance of storage by developing a political history of storage through the three processes of stabilization – ideational, regulatory and physical. The thesis is guided by a question: How does the examination of twentieth century US grain storage stabilization – the ideas, regulations and physical infrastructures – help us to understand the financialization of agriculture?&#13;\nTo answer this question, I draw from international political economy (IPE) scholars and actor-network theory (ANT) to show how the stabilization of grain requires an assemblage of regulations, technologies and economic ideas that make up the politics of grain storage, and how a close examination of grain-storage governance helps to explain the financialization of agricultural commodities. Financialization of agricultural commodities is the work of assembling and turning a bushel of corn, or any other agricultural good – primarily grain – into a financial asset stream. This definition highlights the role that grain storage plays in commodity speculation, and encompasses the mundane practices of collecting and managing amassed grain in containers.&#13;\n&#13;\nThis dissertation shows how ideas, regulations, and industrial projects to stabilize and store grain for collateral contribute to the emergence of ACEs as a model of global grain marketing. By looking beyond corner offices, commodity exchanges and other institutions, the theoretical framework brings non-human storage actors into view by drawing attention to the assemblages of grain bins, fumigants, dryers, documents and regulations that attempt to stabilize unruly grains, and to leverage stored grain for credit and asset streams. The research shows a model of agricultural finance that is reliant on grain-storage governance, a constellation of mid-century economic ideas, agro-chemical technologies, and state regulation, and how they are applied to twenty-first century market “problems” in new frontier sites. The research has applications to contemporary global financial inclusion projects that aim to build new agricultural markets and connect small producers to global markets.",business; commerce,,14,
openalex,https://openalex.org/W2896480345,The Constraints of Agricultural Credit and Government Policy Strategy,Sri Herliana; Acip Sutardi; Qorri Aina; Qonita Himmatul Aliya; Nur Lawiyah,2018,MATEC Web of Conferences,"Low access to credit in the agricultural sector is also caused by problems of agricultural sector actors (especially farmers) and financial institutions. Farmers are still having difficulty in accessing credit (accessibility and unbankable) and the limited financial institutions that channel credit to the agricultural sector. Therefore, the government must issue a policy in growing the agricultural sector, especially in anticipation of access credit constraints by farmers. The agricultural sector as a high-risk business, therefore formal institutions are less interested in financing the agricultural sector on the grounds of high transaction costs, asymmetric information, low profits, lack of collateral, education of farmers is relatively low. In addition, most banks do not want to finance agriculture due to fluctuating production and uncontrolled price risk. While the constraints of the farmers in obtaining formal credit is a complex procedure, there should be collateral as well as high payment delay fees, long distances and less information about capital.",collateral; agriculture; business; credit reference; government linguistics; credit enhancement; capital architecture; credit history; export credit agency; payment; agricultural productivity; credit risk; financial system,10.1051/matecconf/201821502008,12,Bandung Institute of Technology
openalex,https://openalex.org/W4207007798,"Climate Perception, Migration and Productivity of Maize Farmers in Ghana",Shaibu Baanni Azumah; Abass Mahama; Rosaine N. Yegbemey; Frederick Dapilah,2022,Journal of Agricultural Studies,"High temperature, erratic rainfall, and drought are the three major physical manifestations of climate change in Ghana. Smallholder farmers in Ghana have shown vulnerability to the impacts of climate change, with some farmers employing migration as an adaptation mechanism. Using primary data collected from 500 maize farmers in seven districts of Ghana, our study draws a link among climate perception, migration and productivity of maize farmers by estimating a two-step Heckman sample selection model and employing inductive coding to analyse the qualitative data. The results show that farmers’ experience, access to farm credit, farm size, location, usage of NPK fertilizer, and local seeds have positive impact on the productivity of maize farmers. Additionally, household size, main occupation, membership in farmer-based organisations, and perception of declined soil fertility have significant effects on migration decisions of smallholder maize farmers. The qualitative reports show that perceived increase in temperature, drought, flooding, and erratic rainfall has led to a decline in the productivity of maize farmers. Among others, we recommend that relevant stakeholders (i.e., policy makers and NGOs in the agricultural space) should focus on promoting the use of improved seeds, and NKP fertilizer, coupled with the provision of farm credit and expansion of farm sizes to enhance the productivity of maize farmers in Ghana. Also, smallholder farmers should be supported to engage in alternative livelihood enterprises, join farmer-based organisations and to adopt techniques that enhance soil fertility in order to reduce climate-induced migration among maize farmers.",livelihood; productivity; agriculture; vulnerability computing; business; climate change; geography; agricultural science; agricultural economics; socioeconomics; economics; economic growth; environmental science,10.5296/jas.v10i1.19494,12,University for Development Studies; Global Water Partnership
openalex,https://openalex.org/W2236882422,Credit rationing of Polish farm households. A theoretical and empirical analysis.,"Martin Petrick; Petrick, Martin",2004,unknown source,"On the verge of EU accession, Poland’s agricultural sector is characterised by a number of distinct structural weaknesses, which are a major reason for the unsatisfactory income situation of rural households. Among these weaknesses are that farm productivity is substantially below EU standards, investment has performed much weaker as compared with the overall Polish economy, and structural change has been very small. It has been suggested that credit access is a crucial factor for overcoming these undesired outcomes. Furthermore, the Polish government massively intervenes on rural credit markets, in particular by granting subsidies on working capital and investment loans for agriculture. Against this background, the aim of the present research is to discover how far potential deficiencies on rural credit markets can be made responsible for the structural weaknesses of the Polish farm sector and thereby provide an economic rationale for government activity. Central to the analysis is the notion of credit rationing. This notion abounds in the recent literature on credit market problems, although it is not used in a uniform way. In this monograph, credit rationing is understood to indicate a situation of persistent private excess demand for credit. The subsequent theoretical and empirical analysis explores how far this concept can be made fruitful for the understanding of the Polish rural credit market and the effects of governmental intervention. The major findings of the study can be summarised as follows: 1. The theoretical investigation of credit markets sets out that credit rationing is by definition excluded in the traditional neoclassical market model, whereas it is a likely outcome on markets with asymmetric information. However, theory does not provide unambiguous propositions regarding the welfare assessment of credit rationing. Since the presence of asymmetric information cancels the functioning of the price mechanism, the traditional concepts of social efficiency are no longer valid. As a consequence, credit rationing does not necessarily imply underinvestment, and it generally does not create a case for straightforward government policy. It seems therefore reasonable to analytically decouple the analysis of credit rationing and under- or overinvestment. The subsequent analysis in this monograph focused on the first of these. 2. The extent to which asymmetric information has harmful effects on investment outcomes is shown to depend on the availability of counteracting arrangements, such as collateral, joint liability, or reputation of borrowers. The way in which governments can improve on these instruments will play a decisive role for successful policy action. Any intervention measures should consider the conditions and causes that are responsible for an undesirable market outcome, in case that this has been successfully identified. 3. In the framework of a two-period farm household model, the consequences of introducing a binding credit constraint are examined. The market interest rate loses its relevance for the household internal allocation of funds and is replaced by an endogenous, unobservable shadow interest rate. Compared with a first-best world without credit rationing, the household will reduce output, which implies a loss of income. An increase in government transfers relaxes the liquidity constraint and thus has positive effects on farm output. In a multi-period household model with endogenous equity formation, credit rationing has the effect that investment cannot immediately attain its optimal level. The household thus reduces current consumption in favour of equity formation. 4. The presence of a perfect capital market allows the convenient separation of production or investment decisions on the one hand and consumption decisions on the other. Both farm household models suggest that this cannot be maintained under a binding credit constraint. As a consequence, there is no objective criterion anymore which allows to assess the (private) efficiency of input use or investment activities. Both decision complexes can only be made simultaneously with the household’s consumption plan and are thus affected by the household’s preferences. Any empirical production or investment analysis has to take these interdependencies into account. 5. In a reflection on economic methodology, it is argued that econometrics cannot be the fundamental benchmark for the falsification of theories. The methodological standpoint of critical rationalism should therefore be left behind and be replaced by a more pragmatic and instrumentalist position. The empirical results of the present study are primarily based on a regression analysis of cross-sectional survey data, which includes qualitative and quantitative indicators of credit rationing. 6. According to statements of farmers made during the survey, 80 percent of farm households took at least one loan in the reporting period 1997-1999. Almost half of the borrowers obtained less credit than desired and are hence regarded as credit-rationed. Central determinants of credit rationing are the reputation of the loan applicant as well as demographic household characteristics. Over all loan types, respondents with a good credit history have a 30 percentage points lower probability of being rationed than borrowers who rescheduled a loan in the past. In addition, more adult males in the household decrease the probability of being credit-rationed, while more females increase it. If only short-term borrowing is considered, collateral availability is an additional key factor of credit rationing. 7. The econometric analysis of output supply supports the earlier finding that more than 40 percent of borrowers experienced pronounced credit rationing by rural banks. These farms display a marginal willingness to pay for credit of on average 209 percent net of principal. The willingness to pay is significantly different from individual interest rates for credit that account for loan specific transaction costs. These individual interest rates are 13 percent per annum on average. Transaction costs, however, do not ex-post rationalise a withdrawal of loan applications and cannot be regarded as the ultimate cause of perceived credit rationing. In the group of credit-rationed farms, household characteristics are proven to have a significant effect on output supply. This is evidence for a violation of separability between production and consumption decisions and thus lends empirical support to the existence of a market imperfection. A counterfactual model estimated on all short-term credit recipients demonstrates that the willingness to pay is substantially higher for rationed than for non-rationed farm households. 8. An ex-post evaluation of investment activities suggests that non-productive investment rank high on the priority list of interviewed farmers. Residential buildings and automobile purchases are the two items with the largest share of farm-individual investment expenses in the reporting period. The econometric investment analysis demonstrates that credit access is a significant factor of investment decisions of credit-rationed farmers. This supports the theoretical prediction of a financial constraint model of investment behaviour and is consistent with the qualitative self-classification of respondents. Furthermore, the analysis substantiates the evidence that subsidised credit funds are partly diverted to non-productive purposes. In various specifications of the credit-investment relationship, the marginal effect of credit on productive investment is clearly smaller than one. Based on a cubic Tobit estimate of the investment function, the mean of the farm-individual marginal effects is at .53 on average. Every second borrower invests less in productive assets than he borrows. Only 1.6 percent of the selected respondents with positive investment display farm-individual credit effects larger than one. Over the observed range of credit volumes, the marginal effect increases with an increasing credit volume. However, the results do not support the view that investment is positively related to farm size. In summary, the analysis provides evidence that credit rationing is a relevant phenomenon in rural Poland. A significant fraction of borrowers could substantially increase their productivity if access to working capital were improved. However, the examination of long-term loans revealed that farmers often prefer the investment in non-productive assets to growth investment. Credit rationing hence is unlikely to be the ultimate constraint for modernisation and structural change in the Polish farm sector. Government intervention in its current form has clearly failed to eliminate credit rationing, and the targeting of state sponsored funds turns out to be rather dubious. An alternative government policy should aim to improve the general creditworthiness of prospective borrowers and address the causes of loan default in the past that led to a poor reputation of certain borrowers. Policy action that improves the access to working capital should be given priority. One of the potential side-effects of the introduction of direct payments under the CAP could be to relax exactly this constraint on working capital for currently credit-rationed farm households. Beyond a further integration of theory and empirics in the area of New Institutional Economics, an important focus of future research should be the development of analytical tools for practical policy advice on markets with pervasive agency relations. With regard to Poland, political aspects of governmental credit market intervention as well as a more comprehensive analysis of the determinants of structural change in the farming sector appear to be promising research fields.",credit rationing; rationing; economics; business; agribusiness; agricultural economics; monetary economics; interest rate; geography; economic growth; agriculture,10.22004/ag.econ.93022,12,
crossref,10.1002/pa.2597,Agricultural credit and agricultural productivity across Indian states: An analysis,Manoharan Nikitha; Varkey Rittu Susan,2021,Journal of Public Affairs,"The study analyses the relationship between formal agricultural credit and agricultural productivity in India. Secondary data have been collected from various sources for the selected states of Andhra Pradesh, Assam, Bihar, Gujarat, Haryana, Himachal Pradesh, Karnataka, Kerala, Madhya Pradesh, Maharashtra, Punjab, Rajasthan, Odisha, Tamil Nadu, Uttar Pradesh and West Bengal for the time period 1990–1991 to 2017–2018. Fixed effect model is used to perform the state‐level panel data analysis to establish the relationship between the agricultural credit and agricultural productivity. In addition to this, the study also focuses on analysing the effectiveness of Doubling of agricultural credit policy. The findings from the analysis show that direct agricultural credit and doubling of agricultural credit policy has a positive impact on productivity, whereas the indirect credit has a significant negative impact on productivity. In order to increase agricultural productivity, policies should focus on providing direct credit at a larger scale.",,10.1002/pa.2597,12,Department of Economics Christ (Deemed to be university) Bengaluru India
crossref,10.1108/afr-01-2016-0005,Participation and output effect of a Block Farm Credit Programme in selected districts of Northern Ghana,Donkoh Samuel A.; Eliasu Abdulai; Setsoafia Edinam Dope; Ansah Isaac Gershon Kodwo,2016,Agricultural Finance Review,"Purpose The purpose of this paper is to examine the effect of the Ministry of Food and Agriculture (MoFA) Block Farm Credit Programme (BFCP) participation on crop output in four districts in the Northern region of Ghana. Design/methodology/approach Structured questionnaires were used to collect data from 240 beneficiary and non-beneficiary farmers of BFCP. The treatment effect model that accounts for selectivity bias was employed to examine the socioeconomic determinants of farmers’ decision to participate in the BFCP and the effect of BFCP participation on crop output. Findings Even though the BFCP participation increases output, inadequacy and late delivery of BFCP inputs, low publicity about the programme and difficulty in accessing the inputs from the districts agricultural officers are factors that prevent the full realization of the benefits of the programme. Improving extension services to create more awareness and a re-introduction of the BFCP to make inputs available and affordable to farmers can help boost farm productivity. Practical implications The positive effect of the BFCP means that the provision of low-cost production credit has the potential to increase productivity and improve incomes. Hence, MoFA should endeavour up scaling and properly managing the scheme. Originality/value This study is the first to evaluate the BFCP in Northern region of Ghana, particularly in relation to its contribution to crop value. The findings are very useful to advise policy by taking account of the programme deficiencies and enhance effectiveness.",,10.1108/afr-01-2016-0005,12,
crossref,10.2139/ssrn.3534478,Agricultural Credits and Agricultural Productivity: Cross-Country Evidence,Seven Unal; Tumen Semih,2020,SSRN Electronic Journal,,,10.2139/ssrn.3534478,12,
openalex,https://openalex.org/W4385202355,Toward sustainable agriculture: The impact of interest‐free credit on marketing decisions and technological progress in <scp>P</scp>akistan,Ali Sher; Saman Mazhar; Yuzhuo Qiu,2023,Sustainable Development,"Abstract Farm credit plays an essential role in fostering agricultural productivity. In smallholder agriculture, it aims to provide financial cushion and improve market outcomes leading to improved resource distribution, thus maximizing social and economic returns. In Pakistan, about 90% of farmers are smallholders with the least access to formal financial services. This study explores the impact of sustainable finance—interest‐free credit (IFC)—on smallholders' marketing decisions, producer prices, and technological progress. It explains how liquidity constraints affect itinerant market (primary and secondary) participation and how smallholders get trapped in classical credit bondage with village‐level moneylender‐cum‐traders and do not take advantage of temporal and spatial arbitrage. We use cross‐sectional data from 637 farm households in Punjab‐Pakistan. The results show that interest‐free credit provision and village‐level credit density improve smallholders' level of current and future market participation and increase the producer prices for rice and wheat. The results indicate that sustainable finance improves the vertical linkages between smallholder producers and markets, increasing sustainable supply response and farmers' income. Further, the results show that IFC provision improves technological progress by enhancing the uptake of modern crop varieties, improving cultural operations, and promoting sustainable crop residue management. The findings advocate the interplay between sustainable finance, smallholders' market integration and income earning and provide coherent insights for policymaking. The study suggests mechanisms to improve broader coverage of sustainable finance for breaking the semi‐subsistence‐oriented farming systems, improving technological progress and realizing sustainable development goals, like rural poverty reduction and improved food production and distribution in developing countries.",subsistence agriculture; business; agriculture; sustainable agriculture; productivity; economics; agricultural economics; economic growth,10.1002/sd.2669,11,Nanjing University of Information Science and Technology; Nanjing Agricultural University
openalex,https://openalex.org/W4404009250,Climate-Smart Agricultural Finance (CSAF): A model for sustainable investments in agriculture,Oluwatosin Omotola Ajayi; Adekunle Stephen Toromade; Ayeni Olagoke,2024,World Journal of Advanced Research and Reviews,"Climate-Smart Agricultural Finance (CSAF) integrates environmental risk assessments into agricultural lending models to promote sustainability and climate resilience. This paper explores the significance of CSAF in mitigating climate-related risks, improving farm productivity, and enhancing long-term economic stability for both farmers and investors. It outlines the mechanisms through which CSAF promotes sustainable agriculture, such as the use of green bonds, sustainability-linked loans, and carbon credit financing. Additionally, it analyzes the benefits of CSAF, including improved climate resilience, risk mitigation, and financial returns for investors. The paper concludes with recommendations for improving CSAF models, emphasizing financial inclusion, enhanced data collection, and public-private partnerships to promote wider adoption. CSAF offers a promising path toward building a more sustainable and resilient agricultural sector in the face of climate change.",agriculture; business; climate finance; agricultural economics; climate change; natural resource economics; economics; geography; geology; oceanography,10.30574/wjarr.2024.24.2.3291,10,
openalex,https://openalex.org/W2981574431,Analysis of impact factors on farmers income,I. Putu Irvan; Ni Nyoman Yuliarmi,2019,International Research Journal of Management IT and Social Sciences,"The role of the Agriculture Sector is very important in the economy of most developing countries. Increasing agricultural productivity is a priority for achieving sustainable yield improvements and improving agricultural technology and management, improving groundwater and post-harvest management. Bali Province is a province that has potential in the agricultural sector. Various policies have been made by the government in increasing agricultural production such as irrigation development, production input subsidies, farm credit, and institutional development. The large role of agriculture in the GRDP should indicate the level of welfare of farmers. The research objectives are 1) analyzing the effect of labor, land area, production costs, and cultivation techniques on production, 2) analyzing the effect of labor, land area, production costs, cultivation techniques, and the amount of production on income, 3) analyzing technology as a variable moderating between labor towards production, 4) analyzing technology moderating between labor variables on income. The study was conducted in Jatiluwih Village, Penebel District, Tabanan Regency with a sample of 135 people from 400 rice farmers in Jatiluwih Village.",subsidy; business; agriculture; agricultural economics; production economics; productivity; agricultural productivity; agricultural science; economics; economic growth; geography; environmental science,10.21744/irjmis.v6n5.731,10,Udayana University
openalex,https://openalex.org/W3122648745,Can Credit Program Improve Agricultural Productivity? Evidence from Indonesia,Gilang Wirakusuma; Irham Irham,2021,E3S Web of Conferences,"Agricultural credit is a vital policy in improving farm performance since agricultural households face financial constraints in their business. This study aims to: (1) examine the impact of credit s on agricultural productivity while investigating the difference in impact generated by loans originating from governmental program loans and nonprogram loans and; (2) identify the characteristics of farm households that influence the use of credit in their business. This study employed cross-sectional micro-data at the household level drawn from the 2013 Indonesian Agricultural Census, in which 86,922 rice farm households were randomly selected as the research sample. The model was examined by using Two-Stage Least Square to avoid the selectivity bias. Results show that credit originated from government programs has a small impact on agricultural productivity, although the significant correlation appears. Furthermore, the use of credit, both government programs, and non-programs are determined by socio-economic aspects, agricultural subsidy, perceptions on risks, and perception on-farm profitability. Based on the results, the provision of credit to agricultural activities has to be supported by the provision of supporting incentives, such as agricultural counseling and irrigation facilities, in order to boost agricultural productivity effectively.",productivity; agriculture; agricultural productivity; subsidy; business; incentive; government linguistics; agricultural economics; profitability index; agribusiness; agricultural machinery; economics; economic growth,10.1051/e3sconf/202123201006,10,Universitas Gadjah Mada
openalex,https://openalex.org/W3143601131,Impact of agricultural credit access on agricultural productivity among maize and rice smallholder farmers in Rwanda,Nathan Kanuma Taremwa; Ibrahim Macharia; Eric Bett; Eucabeth Majiwa,2021,Journal of Agribusiness and Rural Development,"This paper assesses the impact of access to agricultural credit on the agricultural productivity of 422 smallholder farmers that cultivate maize or rice in the Western and Eastern province of Rwanda. Stratified, simple random and convenience sampling techniques were used to sample districts, sectors, cells and households. Data were collected using structured interviews and analyzed using propensity score matching techniques. Results indicated that productivity was higher by 44% among the farmers who accessed credit implying that they harvested on average an extra 440 kilograms of maize or rice. According to a crop-specific analysis, agricultural credit access had a more significant impact on maize productivity, with a difference in proportion of 68% (p = 0.000) but had no impact on rice productivity (p = 0.149). The study concludes that agricultural credit was important for Rwanda’s agricultural productivity. Thus policy measures should aim at improving smallholder farmers’ access to agricultural credit and promoting the use of modern agricultural inputs, particularly among rice farmers in Rwanda.",agriculture; productivity; business; agricultural productivity; stratified sampling; agricultural economics; agricultural science; propensity score matching; economics; geography; economic growth; environmental science; mathematics,10.17306/j.jard.2021.01341,10,University of Rwanda; Kenyatta University; Jomo Kenyatta University of Agriculture and Technology
crossref,10.18517/ijaseit.4.5.427,The Impact of Agricultural Credit on Rice Productivity,Wicaksono Eko,2014,"International Journal on Advanced Science, Engineering and Information Technology",,,10.18517/ijaseit.4.5.427,10,
openalex,https://openalex.org/W2187744299,"Challenges of small scale farmers access to micro credit (Bada Kaka) in Gassol LGA, Taraba State, Nigeria",Yahya Musa,2012,unknown source,"Farm credit accessibility has been seen as the surest way of breaking the vicious cycle of poverty in the rural areas of developing countries, particularly in sub Saharan Africa. This study examines the challenges of farm credit accessibility by small scale farmers in Gassol LGA of Taraba State, Nigeria. One hundred and forty (140) farmers were randomly selected from 4 communities in the 2 districts of the LGA. Data collected were analysed using descriptive statistics tools. The results of the findings show that 70 percent of the farmers in the study area participated in the local micro credit scheme (bada kaka). 68 percent of the farmers viewed this local method of micro credit as a method of negotiating a farmer’s produce before the commencement of the farming season. About 17% of the farmers believed that the local micro credit system is exploitative and does not guaranty increase agricultural productivity. In conclusion, there is need to redesign government agricultural micro credit financing policy to guaranty continuous and timely provision of micro credit to farmers at a very low interest rate.",surety; agriculture; business; descriptive statistics; poverty; scale ratio; local government area; productivity; local government; government linguistics; loan; economic growth; agricultural economics; economics; geography,,9,
openalex,https://openalex.org/W4308268104,Education and agricultural technology adoption: Evidence from rural India,Benoit Kafando,2022,Zenodo (CERN European Organization for Nuclear Research),"Abstract: In previous studies, it is clearly explained that agricultural productivity is directly related to the adoption of technology. The adoption of technologies is in turn influenced by the education of individuals. Thus, this article aims to analyze education impact on the adoption of new agricultural technologies in rural India. Using data from the India Human Development Survey (IHDS) 2011-2012 (Desai and Vanneman, 2015) collected from 42,152 households across all states and union territories in India, we estimate these effects through chi-square test and binary logistics model. The results of the estimates show that when a farmer is educated, the likelihood of adopting a new farm technology increases by 3.37 %. But the effect of education is still heterogeneous. Indeed, when the farmer lives in a rural area, the probability of adopting new technology is 3.30 %. The results also show that if the farmer lives in an urban area, the probability of adopting new technology is 6.12 %. Finally, other factors are also important and enable farmers to adopt new technologies. These are farm insurance and access to farm credit, which increase the likelihood of adopting new agricultural technology by 10 % and 4.83 % respectively. Keywords: education, farmer, technology adoption, binary logistics",agriculture; business; agricultural machinery; economic growth; agricultural economics; geography; economics,10.5281/zenodo.7295515,9,Université de Montréal
openalex,https://openalex.org/W4402651994,"Impact of agricultural credit on productivity, cost and returns from cocoa production in Ghana",David Boansi; Michael Gyasi; Stephen Nuamah; Enoch Kwame Tham-Agyekum; Fred Ankuyi; Richmond Frimpong; Albert Gbafah; Charles Bosompem Gyan,2024,Cogent Economics & Finance,"This study identified the determinants of cocoa farmers’ access to credit in Ghana and estimated the impact of credit access on yield, yield gap, gross income, cost of production, and net income using propensity score matching. A total of 384 cocoa-farming households were included in the analysis. Only 33.3% of cocoa farmers accessed credit for production and cooperative unions were the main source of credit accessed by the farmers. The study finds significant positive impacts of agricultural credit on yield, gross income, and net income, while yield gap decreases significantly (by 12.2–16.7%) with access to credit. Policy efforts to improve cocoa farmers’ access to credit could therefore enhance the productivity and profitability of cocoa production. It was found that male-headed households with access to credit derive greater benefits than their female counterparts. This may be attributed to differences in resource endowments and marginalization (between male and female heads). In addition, it was found that with access to credit, cultivating more than one cocoa farm could make cocoa production more productive and profitable. This indicates more efficient and profitable use of credit on fragmented farms, than on non-fragmented farms. However, under credit constraint, the practice of land fragmentation could be counterproductive.Through the generation of foreign exchange, creation of employment, and the provision of other environmental and health related benefits, cocoa can be classified as a gem among the major export commodities from Ghana. Despite the benefits the commodity offers to the Ghanaian economy, the cocoa subsector has been subjected to myriads of production related challenges (including aging trees, low soil fertility, low or limited adoption of productivity-enhancing inputs, challenges with post-harvest management, etc.), which have led to declining trend in cocoa production, rising production costs and decreasing farm income. Majority of these challenges have in recent research efforts been linked to credit constraints. While efforts have been made by previous and current governments to improve cocoa farmers access to credit and enhance the performance of the subsector, credit remains insufficient for cocoa farmers, and very little has so far been documented empirically on the impact of agricultural credit on cocoa production, especially in Ghana. This study addresses this gap by analyzing the determinants of cocoa farmers access to agricultural credit and the impact of agricultural credit on productivity (yield, yield gap, and gross income), cost and returns from cocoa production. The study also identifies and documents potential heterogeneity in impacts of agricultural credit on male and female headed households, and between farmers who operate on fragmented and non-fragmented lands, stressing on the need to consider the differences in impact between these two groups when implementing measures to enhance farmers access to credit and the impact on farm performance. Findings from this study could guide policy formulation, especially in targeting of farmers for agricultural credit and in the implementation of measures to address challenges in cocoa production. To farmers, this study could enlighten them on the benefits of operating on fragmented lands with improved access to credit, and the risk of operating on fragmented lands under credit constraint",productivity; production economics; agricultural productivity; agriculture; economics; agricultural economics; business; natural resource economics; monetary economics; agricultural science; environmental science; macroeconomics; biology,10.1080/23322039.2024.2402035,9,Kwame Nkrumah University of Science and Technology; Cocoa Research Institute of Ghana
openalex,https://openalex.org/W2330252013,Efficiency Analysis of the Sub-Saharan African small-scale Agriculture: A Review of Literature on Technical Efficiency of Maize Production,Douglas Kibirige; Mufutau Oyedapo Raufu; Micah B. Masuku,2014,IOSR Journal of Agriculture and Veterinary Science,"Increasingly, maize is becoming a staple food for many Sub-Saharan Africa (SSA) countries, and hence, it is regarded important in mitigating increasing incidences of hunger and famine in the region. This article reviews and compares literature related to farm level technical efficiency of small-scale maize production among countries of the SSA. A total of 17 studies from 11 different countries were examined. At least 2 studies related to small-scale maize farmers' technical efficiency were drawn from 6 countries, East African region being the most represented. Presentations of discussions were divided into three regions namely the West Africa, the East Africa, and the Southern Africa regions, respectively. Maize productivity in the Sub-Saharan region seem to be low, South Africa scoring only 4.37 tonnes/ha of maize far less than the potential grain yield of maize ranging between 7 tonnes/ha to 12 tonnes/ha. This prompts the region to import more grains to meet its domestic demand. The average technical efficiency (TE) index from all the studies reviewed is 70%. Although South Africa as a country had the highest average score of technical efficiency index (98%), West Africa as a region had the highest score of 82%, followed by Southern Africa region with 72%, and East African region scored only 57% on average. Overall technical efficiency scores suggest that there is considerable room to maximize agricultural output with the available resources and without changing the existing technologies. All reviewed studies sought to explain socioeconomic factors responsible for farm level variation in TE. Family farm labour (household size), availability of maize markets, improved seed variety, use of agro-chemical, access to farm credit, off-farm incomes and group membership were key outstanding socioeconomic factors that had a positive and significant impact on technical efficiency in the SSA region. For increased maize output and reduced budgets on maize imports, the region needs to focus and catalyse policies related to strengthening research and dissemination of technologies on maize breeding, labour saving technologies, growth in agroindustry, strengthening farmer cooperatives and maize markets, and strengthening of farmers' savings and credit facilities.",production economics; scale ratio; agriculture; business; agricultural engineering; agricultural economics; economics; geography; engineering; macroeconomics; archaeology,10.9790/2380-07122124131,9,Agricultural & Applied Economics Association; Department of Agriculture
openalex,https://openalex.org/W4256395064,Mobile Technologies and Digitized Data to Promote Access to Finance for Women in Agriculture,World Bank Group,2017,"World Bank, Washington, DC eBooks","The evidence that women both drive&#13;\n agricultural production and rely on it for their livelihoods&#13;\n means that greater financial and informational service&#13;\n provision to women, especially through digital channels,&#13;\n could increase the efficiency and effectiveness of their&#13;\n labor. While the numerous barriers to women’s access to&#13;\n Digital financial Services (DFS) are clear, clarifying the&#13;\n best methodologies by which to overcome these is both&#13;\n dependent on situational context and still subject to&#13;\n research and testing. This report provides the state of play&#13;\n of current and promising efforts that use mobile technology&#13;\n and digitized data to close the gap in access to finance for&#13;\n women in agriculture. It includes three components: 1) a&#13;\n review of the financial characteristics and needs of women&#13;\n in agriculture, based on an extensive literature review; 2)&#13;\n a stock taking of initiatives that use mobile technologies&#13;\n and digitized data for agricultural finance and women’s&#13;\n financial inclusion; and 3) an analysis of gaps in existing&#13;\n initiatives that would increase access to DFS by women&#13;\n farmers, laborers and women-owned agricultural MSMEs. The&#13;\n report also examines the regulatory environment around DFS&#13;\n and ways that regulators are working to increase responsible&#13;\n access to women.",agriculture; computer science; business; geography,10.1596/29104,8,
openalex,https://openalex.org/W1493897689,Lending to small - scale farmers in South Africa: a case for best practices in formal institutions,Nontobeko P. Qwabe,2014,UpSpace Institutional Repository (University of Pretoria),"The lack of access to agricultural credit is a constraint to the development of the small-scale&#13;\nsegment of the agricultural sector. The challenge for formal financial institutions is to provide&#13;\nagricultural credit that meets the unique demands of the entire agricultural sector (both&#13;\ncommercial and emerging sectors). Although small-scale farmers face a number of&#13;\nchallenges, lack of capital for investment contributes significantly to the lowering of smallscale&#13;\nfarmers’ productivity levels. The challenge of access to agricultural credit from formal&#13;\nfinancial institutions is longstanding. Although some improvements have been made, a large&#13;\nproportion of small-scale farmers are yet to be reached by these institutions. One of the ways&#13;\nin which formal institutions can promote access to credit for small-scale farmers is to adopt&#13;\nbest practices in lending. The study sought to establish whether formal finance institutions in&#13;\nSouth Africa adhere to best practices in their agricultural lending operations for small-scale&#13;\nfarmers.&#13;\nA review of literature indicates that there are countries whose formal financial institutions&#13;\nhave achieved some success in improving access to finance for small-scale farmers. Hence, it&#13;\nis important to find out what these institutions have done, particularly the best practices they&#13;\nhave adopted in this regard. Best practices in agricultural finance are the innovative&#13;\nmethods/techniques/and procedures that address the supply- and demand-side constraints and&#13;\nchallenges (from both the finance and agricultural sectors’ perspectives) and thus improve the&#13;\nlevels of access to agricultural finance. The response of formal finance institutions to the risks and uncertainties inherent in the sector is to enforce stringent collateral requirements&#13;\nthat are restrictive for small-scale farmers.&#13;\nThe study adopted a qualitative approach that utilised primary and secondary information&#13;\nobtained from reports, manuals and other relevant documents in the public domain as well indepth&#13;\ninterviews with key role-players from the major formal finance institutions.&#13;\nThe results of the study revealed that formal financial institutions in South Africa have not&#13;\nfound appropriate delivery modalities that encourage and support agricultural finance&#13;\naccessibility among small-scale farmers. There have been considerable developments in&#13;\nterms of product type and product design in order to meet the demands of small and medium&#13;\nenterprises as well as agricultural clients. However, there still seems to remain gaps in terms&#13;\nof the different categories of emerging farmers that can be adequately financed by formal&#13;\nfinance institutions. The loan appraisal process in formal finance institutions is based on the&#13;\nbankability of the farm enterprise and there is a heavy reliance on ‘traditional’ collateral&#13;\nrequirement. There are few examples of collateral alternatives and substitutes that are used in&#13;\npractice and are usually of lesser value but also burdensome on the part of formal financial&#13;\ninstitutions (thus, a need for equity contributions remains necessary). Given the nature of the&#13;\nformal finance institutions considered in the study viz. commercial banks and the Land Bank;&#13;\nwith their highly competitive and sophisticated corporate environment, and operations&#13;\nunderpinned by a strictly business approach – there is little room left for a developmental&#13;\nagenda in terms of their lending practices.&#13;\nThough private sector institutions play a significant role in theSouth African economy, the&#13;\nrole of the state remains quite large with regard to the ambitionof a developmental state. It is&#13;\nwithin this dynamism that the public-private dichotomy of agricultural finance arises. There&#13;\nis also a gap in terms of providing the much needed non-financial support, such as access to&#13;\nmarkets, technical skills, or collateral alternatives. The environment within which formal&#13;\nfinance institutions provide agricultural credit has changed, and agricultural lenders need to&#13;\nidentify the arising opportunities in small-scale farmer development. The current status quo&#13;\nin small-scale agricultural lending best practices in South Africa leaves much room for&#13;\ndevelopment.",scale ratio; best practice; geography; regional science; economics; cartography; management,,8,
crossref,10.1108/afr-05-2020-0074,"Examining the penetration of financial inclusion in the agricultural sector: evidence from small-scale farmers in Enugu State, Nigeria",Omeje Ambrose Nnaemeka; Mba Augustine Jideofor; Ugwu Michael Okike; Amuka Joseph; Agamah Perpetual Ngozi,2021,Agricultural Finance Review,"Purpose The study examined the penetration of financial inclusion in the agricultural sector, using small-scale farmers in Enugu State, Nigeria, as evidence. Design/methodology/approach The study utilized survey data generated from 425 questionnaires administered to small-scale farmers in both rural and urban locations in Enugu State. The study applied the adequacy gap, timeliness gap and penetration gap indices to measure the penetration of financial inclusion among the small-scale farmers in Enugu State. Findings It was found that different lending agencies, except for some cooperative societies, were unable to meet the credit needs of small-scale farmers in Enugu State as shown by the adequacy gap index. The timeliness gap index revealed the existence of time gap in the credit receipt of small-scale farmers given that agriculture is rain-fed in Enugu. The penetration gap index indicated that there is gap in the penetration of agricultural credit grants to small-scale farmers in Enugu State, showing a shallow penetration of financial inclusion in agricultural sector. Research limitations/implications The research is limited in scope as a result of data and the desire to study small-scale farmers in Enugu State, Nigeria. Practical implications The study recommended among others that government should encourage cooperatives more to meet credit needs of farmers in order to raise the level of financial inclusion penetration. Originality/value To the best of the authors' knowledge, this is the only study that examines the penetration of financial inclusion among small-scale farmers in Enugu State, Nigeria. This study contributes to the growing literature on financial inclusion in the agricultural sector as there is dearth of literature in this study area.",,10.1108/afr-05-2020-0074,8,
openalex,https://openalex.org/W2093287959,Analysis of Rural Farming Households’ Access to Credit in Kwara State Nigeria,Kb Olatinwo; A. Muhammad-Lawal; S Ayojide,2013,Journal of Agriculture and Food Sciences,"Agricultural credit has been identified as an important component in the development of the agricultural sector in Nigeria. Though, agricultural credit has the potentials of improved capital formation, increased resource productivity and diversified agriculture among the rural farming households, inadequate access to agricultural credit is among major factors responsible for the decline in the contribution of agriculture to Nigerian economy. This study therefore examined various sources of credit available to the famers in Kwara state, Nigeria. It also analyzed the determinants of access to agricultural credit among the farming households. A two-stage random sampling technique was used to select a sample of 90 farming households as respondents. The respondents were interviewed with the aid of well structured questionnaire. The data obtained were analyzed using descriptive statistics and Ordinary Least Square regression analysis. The study showed that co-operative societies, personal savings and rotary loan scheme ‘esusu’ were the regularly accessible sources of credit. The study also showed that interest rate, type of agricultural enterprise and size of farm had significant relationship with the farmers’ access to credit. Lack of collateral security was also identified as a major problem faced by farmers in accessing loans. It is therefore recommended that the formation of co-operative societies should be encouraged among farmers. Also, government should adopt policies that would encourage the formal credit institutions to grant soft loan for agricultural production.KEYWORDS: Rural Households, Cooperative, Constraints, Credit, Kwara State",collateral; agriculture; loan; business; descriptive statistics; productivity; agricultural productivity; livelihood; government linguistics; agricultural economics; economic growth; economics; geography,10.4314/jafs.v10i2.5,7,University of Ilorin; Imo State University
openalex,https://openalex.org/W1607743790,"Agricultural Productivity, Rural Poverty and Nutritional Security: A Micro Evidence of Inter-Linkages from Karnataka State","V.r. Kiresur; V.p. Melinamani; Vani S. Kulkarni; Pushpa Bharati; Vandana Yadav; Kiresur, V.r.; Melinamani, V.p.; Kulkarni, V.s.; Bharati, Pushpa; Yadav, V.s.",2010,"AgEcon Search (University of Minnesota, USA)","The inter-linkages amongst agricultural productivity, rural poverty and nutritional security have been analysed based on a study of Bagalkot district of Karnataka state using primary data for the agricultural year 2005-06 obtained from 120 farm households. The data have been processed using ratios, frequencies, percentages, regression analysis and probit model. Agricultural productivity has negatively and significantly influenced rural poverty at the farm level. Low agricultural productivity is the root cause of rural poverty. Household size and number of dependents therein have positively influenced rural poverty. Optimization of household size or increase in the number of earning members of the household would reduce poverty. Nutritional security is greatly influenced by the level of rural poverty. To upgrade the nutritional status of households, the study has suggested that effective poverty alleviation programmes aimed at enhancing agricultural productivity through transfer of productive assets instead of consumer goods to the poor, should be launched and effectively monitored. Agricultural credit being an important aspect of productivity, appropriate steps should be taken to increase the access of rural households to financial institutions.",poverty; agriculture; productivity; food security; agricultural productivity; rural poverty; agricultural economics; probit model; rural area; business; economics; socioeconomics; economic growth; geography; political science,10.22004/ag.econ.92092,7,
openalex,https://openalex.org/W2230841044,Determinants of Demand for Credit: A Conceptual Review,Yusuf Ibrahim Kofarmata; Shri Dewi Applanaidu; Sallahuddin Hassan,2016,Asian Journal of Economics and Empirical Research,"It is generally agreed among the researchers that farm credit has significant positive impact on agricultural production that would increase the farming output. In fact, the rising cereal production were more related to farm inputs that may be acquired through agricultural credit. In view of that, this article synthesizes and reviews different field studies on the determinants of demand for credit. Moreover, it is clear from the reviewed studies that different models have been used in examining the factors that determine the demand for credit. However, most of the findings are inconclusive, due to the contextual, geographical, socio-economic, environmental and other variations across the study areas. Based on that, the paper call the need for more empirical studies on the determinants of demand for credit for a specific region for better policy that may be suitable for that particular region. This has important implications on agricultural production in general and farm credit in particular, especially for developing economies.",agriculture; production economics; agricultural productivity; economics; business; natural resource economics; agricultural economics; microeconomics; geography,10.20448/journal.501/2016.3.1/501.1.6.10,7,Northern University of Malaysia
openalex,https://openalex.org/W2252672040,Impact of Use of Credit in rice farming on rice Productivity and Income in Benin,"Kinkingninhoun-Medagbe Mahoukede; Aliou Diagne; Gauthier Biaou; Mahoukede, Kinkingninhoun-Medagbe; Aliou, Diagne; Gauthier, Biaou",2015,unknown source,"This paper aims to assess the impact of the use of credit in rice farming on productivity and income in Benin. It applies the potential outcomes framework to data collected from 342 rice farmers in Benin to estiamte the Local Average Treatment Effect (LATE). Findings show that the use of credit in rice farming has positive and significant impact on farmers' rice yield, rice output, rice income, per capita rice income, annual household income and per capita annual household income. Therefore, facilitating access of rice farmers to agricultural credit is a good strategy for supporting rice sector development, and therefore contributing to food security and poverty alleviation in Benin. Moreover, the impacts were higher for female farmers than male farmers. Therefore, it is important to control for heterogeneity in impact assessment studies in order to appreciate the real effect of interventions on different social categories in the target population.",productivity; agriculture; food security; poverty; per capita income; agricultural economics; household income; business; rice farming; psychological intervention; economics; per capita; yield engineering; population; farm income; agricultural science; geography; economic growth,10.22004/ag.econ.211635,7,
openalex,https://openalex.org/W4400624419,"Investigating the impact of credit channels, energy production and oil revenues on agricultural development in sub-Saharan Africa",Charles O. Manasseh; Chine Sp Logan; Ogochukwu C. Okanya; Kenechukwu K. Ede; Ebelechukwu Lawretta Okiche; Sylvester Ilo; Jonathan E. Ogbuabor; Ifeoma C. Nwakoby,2024,Heliyon,"Development of the agricultural sector can numerously gift the economy by ensuring food security and rural livelihoods, fostering economic growth, reducing poverty, promoting social stability, and achieving sustainable development goals. But agricultural activities especially in Sub-Saharan Africa are faced with numerous challenges like lack of required credits to the farmers, unavailability of needed energy for powering the farm machinery and transportation of farm produce, and fluctuation of crude oil prices which serve as the main source of energy in Sub-Saharan Africa. However, the sequel to these highlighted challenges that face agricultural activities, this study examines the impact of credit channels, energy production, and oil revenue on agricultural development in sub-Saharan Africa using an annual time series covering 21 years (2001-2021) drawn from selected sub-Saharan African countries under study. Using the panel autoregressive distributed lag model (ARDL) as the baseline model and the generalized method of moment (GMM) as the robustness check, we made the following findings. From the ARDL perspective, we found that credit channels have a negative impact on agricultural development. In contrast, energy production and oil revenue have positive and negative significant impacts on the agricultural development of sub-Saharan Africa. Further, results of the Generalized Method of Moment (GMM) revealed that while credit channels have both negative and positive long-run relationships with agricultural development, energy production, and oil revenues have positive and significant long-run relationships with agricultural development in sub-Saharan Africa. The study concludes that credit channels have both negative and positive long-run relationships with agricultural development. In contrast, energy production and oil revenue have negative and significant long-run relationships with agricultural development in sub-Saharan Africa. We recommended effective agricultural credit provision and a mechanized farming system to increase the quality and quantity of food supplies in sub-Saharan Africa.",revenue; agriculture; agricultural productivity; distributed lag; agricultural economics; economics; food security; business; economic growth; natural resource economics; geography,10.1016/j.heliyon.2024.e34305,7,University of Nigeria; Liberty University; Enugu State University of Science and Technology
openalex,https://openalex.org/W4403467941,The effects of financial development on crop productivity: ARDL evidence from Indian agriculture,Inder Sekhar Yadav; Phanindra Goyari,2024,Journal of Financial Economic Policy,"Purpose This work aims to empirically investigate the effects of financial development on crop productivity of India. Design/methodology/approach Time series data such as crop production index, International Monetary Fund’s (IMF) financial development index, gross domestic product (GDP) per capita, arable land, rural population, trade openness and physical capital from 1980 to 2020 was used. The autoregressive distributed lag (ARDL) bounds testing approach of cointegration was used to determine the long-run equilibrium relationship between the selected time series. Also, ARDL long- and short-run coefficients were estimated to examine the effects of selected variables on crop productivity. Furthermore, to establish the robustness of results, long-run estimators such as fully modified least squares and the dynamic least squares were also used. Finally, using the vector error-correction model, causality between the selected time series was examined. Findings The ARDL cointegration test confirmed the existence of long-run equilibrium relationship among agricultural productivity, financial development, capital formation, GDP per capita, arable land, rural population and trade openness. The estimated long-run elasticities from all the three techniques and the short-run elasticities of ARDL have consistently suggested that the elasticity of financial development is higher (1.55% and 1.40%, respectively) in explaining the crop productivity of India. The short-run causality estimates indicated the presence of positive bidirectional causality between crop productivity and financial development and seven positive unidirectional causal relationships between the selected variables. Practical implications Agricultural credit being an important non-land input and essential for overall growth and sustenance of agricultural sector, the policymakers should ensure the overall development of its financial sector which will reduce the intermediation, informational and other transactional costs associated with agricultural credit. This will possibly result in timely availability and access to adequate and low-cost credit from institutional sources. Originality/value Though extensive research is available on the effects of financial development on economic growth, limited research is available concerning the impact of financial development on crop productivity, especially for an emerging economy like India. For India, predominantly studies have investigated the impact of farm credit on crop productivity but have not exclusively examined the effects of financial development on agricultural productivity. Therefore, this study not only adds to the empirical literature but also provides new evidence on the nexus between financial development and crop productivity by examining the effects of financial development on crop productivity using the composite financial development index developed by the IMF using the ARDL bounds test for cointegration and other econometric estimators.",economics; agriculture; productivity; crop productivity; agricultural economics; monetary economics; macroeconomics; geography,10.1108/jfep-05-2023-0126,6,Indian Institute of Technology Kharagpur; University of Hyderabad
openalex,https://openalex.org/W3007883951,Credit Constraints and Agricultural Productivity of Rural Households inNigeria,Olugbenga Omolade; Abimbola O. Adepoju,2019,Journal for the Advancement of Developing Economies,"This study, employing descriptive statistics and the Endogenous Switching Model, examined the link between credit constrained condition and agricultural productivity of rural households in Nigeria. Findings show that under credit constrained condition, education, labour, technology and other production inputs were not optimally utilized by the households. Credit constrained households had lower productivity than a random household from the sample would have had. However, in credit constrained households, being a male-headed household implied higher productivity. On the other hand, high value of assets and cost of hired labour had negative effects on productivity, while level of education and access to information had no significant effects. The study thus recommended intensification of efforts at ensuring the formulation of rural credit policies that will provide access to a reasonable amount of credit to rural households to secure required farm inputs, while formal credit institutions should diversify their loan scheme to incorporate different financial needs of the households.",productivity; agricultural productivity; loan; production economics; sample material; agriculture; descriptive statistics; business; economics; labour economics; estimation; agricultural economics; demographic economics; economic growth; microeconomics; geography; statistics,10.32873/unl.dc.jade811,6,University of Ibadan
openalex,https://openalex.org/W3093499276,Agricultural Financing and Unemployment Rate in Nigeria: A Cointegration Approach,Raymond Rahaj Adegboyega,2020,Acta Universitatis Sapientiae Economics and Business,"Abstract In Nigeria, the level of agricultural productivity and farmers’ income have been affected by inadequate financing, which invariably discourages job creation and increases unemployment rate. Therefore, the study examines the impact of agricultural financing on unemployment rate in Nigeria, using time series data collected from the Central Bank of Nigeria (CBN) and the World Bank database from 1981 to 2018. Using Johansen’s cointegration, Error Correction Method (ECM), and Granger causality analytical techniques, our findings show that AGRIC_GDP, AGRICL_TL, GR, LR, and RUTP have a long-run relationship with UNEMPR and are statistically significant. Also, the ECM of about 57%, which is statistically significant, provides an indication of a satisfactory speed of adjustment and translates that about 57 percent of the errors are corrected in each period. The study recommends among others that government policy on agricultural credit should place more emphasis on strengthening banks’ commitment.",cointegration; agriculture; unemployment; granger causality; economics; error correction model; government linguistics; unemployment rate; productivity; causality physics; labour economics; macroeconomics; econometrics; geography,10.2478/auseb-2020-0004,6,Olabisi Onabanjo University
openalex,https://openalex.org/W2750999925,Comparative Analysis of Agricultural Credit System and Organization in Selected Countries,Güneş Erdoğan,2017,International Journal of Applied Agricultural Sciences,"The agricultural sector has been a key economic force in all countries, developed and developing alike. To assist farmers with their financing needs, countries have established different agricultural credit systems and organizations depending on their overall needs, goals, and historical contextual background. Such structural considerations as the aggregate size of farm lands, diversity in production systems, and farmers’ needs and wants have played an important role in shaping the evolution of agricultural credit organizations around the world. In this study, the agricultural credit systems in select developed and developing countries which offer a mix of very advanced, intermediate, and evolving systems are compared. This research aims to identify key difference of agricultural credit systems with regards to the main actors involved (governmental/private banks, credit cooperative, etc.), application processes, terms and conditions, types, and priorities. The study identifies several agricultural credit systems which reflect countries’ political, economic and structural properties.",agriculture; business; developing country; agricultural productivity; diversity politics; politics; key lock; private sector; comparative advantage; economic growth; economics; international trade; political science; geography,10.11648/j.ijaas.20170305.14,6,Ankara University
openalex,https://openalex.org/W2746827632,CREDIT CO-OPERATIVES AND THEIR ROLE IN POVERTY REDUCTION IN RURAL CHINA,Li Zhao,2017,Journal of Asian Rural Studies,"Financial constraints may contribute to poverty traps. In the underdeveloped capital markets of rural China, many poor farmers in disadvantaged areas are financially constrained and denied access to formal financial services. A few attempts have been made to reform rural credit co-operatives but with limited impact. Recently, the development of rural mutual co-operatives, as one of new-type rural financial institutions, has gained increasing attention among scholars. While scholars predict that it would be difficult for true co-operative financial institutions to establish themselves and develop in China, this study discusses the conditions for the development of rural mutual co-operatives and identifies their institutional advantages in poverty outreach and financial sustainability. The analysis of the study is largely based on the primary data collected from field investigations and case studies. The study reveals that these organizations have played a significant role in promoting financial inclusion and become a sustainable driver for poverty reduction. This observation is in contrast to the widely-believed prediction that it is hardly probable for true credit co-operatives to establish themselves in modern China due to excessive government intervention and China’s peculiar political culture and social context. The findings also suggest two conditions be necessary to achieve their potential, namely, the co-operation between credit co-operatives and agricultural co-operatives, and local embeddedness with good social connectedness.",outreach; poverty; financial inclusion; china; context archaeology; economic growth; embeddedness; business; financial services; rural poverty; disadvantaged; social capital; economics; development economics; political science; sociology,10.20956/jars.v1i2.1181,6,Chinese Academy of Social Sciences
crossref,10.20546/ijcmas.2020.902.003,Innovations in Agricultural Credit Disbursement and Payment Systems for Financial Inclusion in Rural India,Das Arghyadeep; Patnaik Neela Madhav,2020,International Journal of Current Microbiology and Applied Sciences,,,10.20546/ijcmas.2020.902.003,6,
crossref,10.1108/afr-02-2022-0024,"Regional impacts of rural credit and rural insurance policies on crop area and productivity: evidence from São Paulo state, Brazil (2008 and 2017)",De Sousa Leite Francisca Nathalia; Castro Eduardo Rodrigues De; Tateishi Henrique Ryosuke,2022,Agricultural Finance Review,"Purpose Constrained input use and lower productivity of rural establishments may be associated with restricted or concentrated access to financial resources, especially in developing countries. Meanwhile, agricultural activity entails risks associated with the volatility of net cash flows and external events, which may discourage riskier but higher return investments (e.g. technology). As rural credit can alleviate the former, and rural insurance may help alleviate the latter, the combination of both policies might endorse each other. The purpose of this study is to analyze the use of rural credit and rural insurance policies with respect to productivity and crop area, in São Paulo state, Brazil, using farmer's microdata from two surveys realized in 2007/08 and 2016/17. Design/methodology/approach This study uses propensity score matching and the entropy balance approaches in a complementary way. This study compared three policy treatments – rural credit, rural insurance and both policies combined, against establishments that received neither one. The analysis considered sugarcane, grain and grape crops separately and employed farmer's microdata. Moreover, the analysis was stratified into two categories: establishments owned by family farmers and those that did not. Findings Rural credit policy is related to higher productivity and larger cultivated area for grains and only to larger area for grape crops in the last analyzed period (2016/17). Rural insurance, as a unique policy or combined with credit, is related to higher productivity and cultivated areas, for all analyzed crops, only in the second period (2016/17), as the policy became more accessible to farmers. Heterogeneity regarding crops and farmers might influence the effectiveness of these policies. Despite rural insurance being related to a better performance regarding the outcome variables, it still reaches a small share of farmers, especially when combined with credit. Originality/value Many studies about the effectiveness of rural credit in Brazil have been conducted throughout the years, while there have been fewer studies regarding rural insurance since it became an important policy in the mid-2000s. However, few studies have conducted an analysis comparing its individual and interactive influences, with such level of disaggregation, on a farm-level database, considering the heterogeneity of the data and the different categories of farmers.",,10.1108/afr-02-2022-0024,6,
crossref,10.1108/afr-02-2018-0008,Estimating farm-level financing gap: a technical efficiency approach,Ojo Mathew Paul; Ayanwale Adeolu Babatunde,2019,Agricultural Finance Review,"Purpose Much attention has been paid to farm credit access with less focus on determining the actual credit amount needed to bring about a specified increase in productivity relative to the finance being sought. The paper aims to discuss this issue. Design/methodology/approach Using 2016 cross-sectional data of plantain farmers, the authors employ the Cobb–Douglas stochastic frontier production function to determine the technical efficiency (TE) of each farmer. Current plantain quantity produced by farmers and the TE are then used to estimate plantain quantity at a target efficiency. The finance needed to produce at the target efficiency is estimated using the Harrod–Domar (HD) growth equation and the authors then subtract the farmers’ savings from the estimated amount to determine the financing gap of the farmers. Findings Results of this study show that the actual amount required to improve the productivity of farmers to target levels of TE can be estimated and that credit amount granted to farmers can be tied to a specific production efficiency. Credit schemes with interest rates below 9 per cent are more beneficial to farmers while access to credit is determined by interest rate, education, credit process duration, land ownership and asset value in the study area. Research limitations/implications The implication of this research is that it opens up the possibility of further exploring the application of the HD theory at the micro level. Practical implications The findings in this study have important implications on the provision of agricultural credit to small farmers. The first is that the TE of farmers plays a very critical role in determining the actual amount of credit needed to bridge the farm-level financing gap and impact positively on productivity. Second, while it is important to bridge the farm-level financing gap, this can only be beneficial to the farmers at single-digit interest rates below 7 per cent. Finally, granting of credit to farmers can be tied to specific production increase target to reduce indiscipline and mismanagement in credit use. Social implications The findings of this study will go along in helping to prevent mismanagement and indiscipline in the use of scarce financial resources in agricultural production. Originality/value This study is the first of its kind, using TE and bringing the HD equation down to the farm level to estimate the exact amount required by farmers to bring about specific increase in production, determining the credit amount beyond which mismanagement may set in.",,10.1108/afr-02-2018-0008,6,
crossref,10.56093/ijas.v90i2.99033,Impact of institutional credit on agricultural productivity in India: A time series analysis,P Shivaswamy G; J Raghavendra K; R Anuja A; Singh K N; T Rajesh; V Harish Kumar H,2020,The Indian Journal of Agricultural Sciences,"The institutional credit has always been perceived as a critical factor for agricultural development in India through complementing working capital, easing liquidity and investment constraints. The present study has examined the trends and regional variations in institutional credit flow to agriculture in India for the period 1991–92 to 2016–17 using compound annual growth rate. Further, impact of institutional credit on agricultural productivity was also assessed using panel data regression. The study is based on the secondary data collected from various published sources. Results indicated that institutional credit to agriculture in real terms has registered a significant positive growth during the past four decades and the highest annual growth was observed during 2001–02 to 2010–11. Scheduled commercial banks have emerged as the dominant source of agricultural credit. However, cooperative banks are still the major sources of production credit. Regional analysis showed that southern states had access to highest production and investment credit per hectare, while eastern and northeastern states had the least credit outreach per hectare. Panel data regression model testified that institutional credit has a significant and positive impact on agricultural productivity. Therefore, the study has suggested for better access to credit of smallholders especially in eastern, western and north eastern states through simplification of procedures.",,10.56093/ijas.v90i2.99033,6,
crossref,10.1108/17561370910958855,Impact of credit disbursed by commercial banks on the productivity of wheat in Faisalabad district,Khalid Bashir Muhammad; Gill Zulfiqar Ahmad; Hassan Sarfraz,2009,China Agricultural Economic Review,"Purpose The agriculture sector is the single largest contributor to the national income (gross domestic product – (GDP)) of Pakistan. Wheat is the main staple diet of the people of Pakistan. It contributes 13.7 percent to the value added in agriculture and 3.0 percent to GDP. Given its importance to the national economy, the government attaches high priority to raising agricultural productivity and farmer's income. For this purpose, financing for agricultural sector is very much needed and important. Like other institutional sources, commercial banks also provide agricultural credit. The purpose of this paper is to study the impact of credit disbursed by them on the productivity of wheat. Design/methodology/approach Primary data were collected from 114 randomly selected respondents through a well‐structured interview schedule. Cobb Douglous function was used to calculate the impact of credit on the productivity. Findings The coefficient of credit was highly significant, which showed that credit has a positive impact on the productivity of wheat and hence is an important tool for improving the productivity of agriculture sector. Originality/value The study in hand will be useful for the planners who are responsible for allocating funds for the agricultural sector in general and for wheat growers in particular. The recommendations of the study will go a long way to mitigating the problems being faced by the small farmers of Pakistan in securing institutional credit.",,10.1108/17561370910958855,6,
openalex,https://openalex.org/W3017813246,Effects of Government Payments on Agricultural Productivity: The Case of South Korea,Youngjune Kim; Ji Yong Lee,2020,Sustainability,"The South Korean government provides large amounts of its total agricultural budget on direct payments to increase farm productivity due to the importance of the agricultural sector in South Korea. Providing direct payments can positively influence farm productivity by liquidating farm credit in input markets, while it can negatively affect farm productivity by distorting farmers’ behaviors. Therefore, it is necessary to rigorously assess the effect of direct payments on productivity. This study investigated the impact of direct payments on farm productivity with a better estimation strategy, using a farm-level panel dataset from the Korean Farm Household Economy Survey. We first derived an individual farm-level productivity measure using a control function approach. We then estimated the effect of direct payments on farm productivity using the propensity score matching method. Our results showed that direct payments were associated with an increase in agricultural productivity by about 12 percent on average. The results imply that direct payments play an important role in farm production. Given that the South Korean government is currently revising the direct-payment system, our results have implications for the design of the new direct-payment system and deserve attention from policy makers.",productivity; payment; direct payments; government linguistics; agriculture; agricultural productivity; business; agricultural economics; production economics; panel data; economics; natural resource economics; economic growth; geography; econometrics; macroeconomics,10.3390/su12093505,5,University of Missouri; Kangwon National University
openalex,https://openalex.org/W4286750376,Gender inequalities in the Colombian cattle sector: an econometric analysis,Ana Pirela-Ríos; Manuel Francisco Díaz; Karen Enciso; Natalia Triana Ángel; Stefan Burkart,2022,Development in Practice,"Cattle is the most important agricultural activity in Colombia, representing around 30.6% of the national agricultural GDP and 19% of the agricultural (6% of the national) employment, surpassing the values of coffee and palm oil production by three and eight times, respectively. Despite its economic and social importance, the Colombian cattle sector is characterised by gender differences and inequalities, which are not yet fully understood. Although there exists research with both qualitative and mixed approaches, to date, there is no quantitative evidence that allows measuring the effect of gender gaps on cattle production. This research seeks to explore how gender inequalities in Colombia’s cattle sector affect household production, applying a quantitative and spatial approach based on a database that combines information on cattle production, household characteristics, and multidimensional deprivation at the departmental level. Our analysis shows that only one out of four cattle producers are women, but nearly half of them are heads of households responsible for the well-being of their families. Women also participate less than men in production decision-making, tend to have lower educational levels, request fewer agricultural credits, and have smaller farms. Municipalities where there are more female producers have lower milk production and cattle inventories, which coincides with the empirical evidence for other developing countries and may originate in the difficulty of women in accessing education, financing, and land, but also in time restrictions caused by domestic work, limiting their participation in extension activities and cooperatives. Likewise, the existing gender roles burden women with unpaid care and cleaning activities, instead of the administration and commercialisation of cattle, directly affecting their ability to own cattle. Our results bring to consideration how gender gaps in agriculture, and particularly in the cattle sector, have the potential to affect national agricultural production, and with it the well-being of rural families that depend on it, highlighting the importance of policy decisions that feature a gender approach. Through an active intervention of the State, particularly through education programs, credits for rural women, awareness creation of gender roles, and land tenure/inheritance regulations, a first step can be taken towards reducing gender gaps.",econometric analysis; agriculture; production economics; inequality; econometric model; census; agricultural productivity; quality philosophy; economics; economic growth; business; agricultural economics; socioeconomics; development economics; geography; population; sociology,10.1080/09614524.2022.2098256,5,
openalex,https://openalex.org/W1550931365,"Accessibility of rural credit among small farmers in the Philippines : a thesis presented in partial fulfilment of the requirements for the degree of Master of Applied Science in Rural Development, Institute of Natural Resources, Massey University, Palmerston North, New Zealand",Lolita Y. Poliquit,2006,unknown source,"Credit plays an important role in agricultural development and it is believed that expansion of credit programmes will have beneficial effects on agricultural production and incomes of small farmers. It is also a key to poverty alleviation, livelihood diversification, and increasing the business skills of small farmers. In the Philippines, small-scale and subsistence agriculture source their loans mostly from informal lenders, thus access to formal credit remains low. There is a need to examine further small farmers’ access to credit and investigate their preferences and perceptions regarding credit in order that their access can be improved and their needs through credit can be more effectively met. Determining the problems and the credit needs of small farmers are important considerations in designing appropriate credit systems for them.&#13;\nAccessibility of rural credit in the Philippines was examined, with the primary objective of exploring the use of and access to rural credit by small farmers. This research attempts to explore and understand the perceptions of small farmers toward rural credit, and to collect information in proposing an appropriate credit system for them.&#13;\nTwo types of respondents were interviewed for the research; 45 individual farmers, and four key informants in New Corella, Davao del Norte. The research focused on how the farmers perceived the rural credit facilities, their preferences, their reasons for borrowing, and their problems in accessing credit. Qualitative data analysis was done for the information gathered.&#13;\nAccess to credit by farmers was limited to the available credit services in the research area, thus farmers’ choices and preferences were not well served which led to borrowing from informal lenders. Credit restrictions such as commodity specific credit programmes, credit that requires collateral, and lengthy and complicated procedures restricted the farmers from accessing formal credit. It is recommended that accessibility to credit by small farmers could be improved by providing innovative financing schemes that address problems of farmers who lack collateral, and minimise long processing of&#13;\ndocuments and other requirements. In this way, farmers may be encouraged to better utilise formal credit and decrease their reliance on informal lenders, thus avoiding higher interest rates and thereby increasing their farm productivity and household incomes.",degree music; rural development; development studies; economic growth; economics; regional science; geography; agriculture,,5,
openalex,https://openalex.org/W4379162042,"Impact of Access to Agricultural Credit on Agricultural Productivity in Iowa, USA.",M. Reyes; Schatz Booker Shumway; Cory Scott Tong,2023,Journal of Agriculture,"Agriculture is a critical component for nations' growth and development due to its significant contribution to economic growth. Microcredits are designed to assist rural inhabitants in increasing the productivity of their agriculture, so alleviating issues of hunger and poverty. Country's economic development is aided by agricultural productivity in a variety of ways including increasing the domestic food supply, supplying raw materials for industry and opening up new domestic markets. Improving agricultural productivity is important in order to meet the growing demand for food, reducing poverty, and promoting economic growth in rural areas. The study used the descriptive research design. The target population was 180 farmers.&nbsp; The study did sampling of 140 respondents that were selected from the target population of 180 in USA. Questionnaires were used to collect the data. It was concluded that better credit access allows for increased agricultural investment, particularly among small farmers, resulting in increased output and value addition. More access to finance is related to higher agricultural output in the United States. In low-income countries the sector not only creates employment but it also contributes to the GDP. Credit enables poor rural farmers to diversify their economic activities, diversify their sources of capital, and manage the inevitable shocks and stress. The study recommended that credit availability should be increased in order to lead to an improvement in the agricultural productivity in the United States. This will make it possible to embrace new technologies and sophisticated inputs, increase efficiency, and modify the input and product mix in reaction to weather unpredictability, climate change, and/or changes in input and output prices. The rural communities should have access to financial institutions to boost productivity since agriculture is the cornerstone of any significant economic progress in emerging countries. Keywords: Agricultural Credit, Agricultural Productivity, USA",agriculture; productivity; agricultural productivity; business; agricultural economics; population; poverty; market access; gross domestic product; rural poverty; investment military; economics; economic growth; geography,10.53819/81018102t5172,5,Cornell University
openalex,https://openalex.org/W4283712720,Determinants of access to agricultural credit among smallholder rice and maize farmers in the eastern and western provinces of Rwanda,N.k. Taremwa; I. Macharia; E. Bett; E. Majiwa,2022,Agro-Science,"Agricultural credit is believed to play a catalytic role in enhancing agricultural productivity; however, its access is limited for smallholder farmers in Rwanda. To investigate this phenomenon, this study sought to identify and assess the determinants of access to agricultural credit among rice and maize smallholder farmers in Rwanda. The study was conducted in the eastern and western provinces of Rwanda using a cross-sectional survey design. Sample districts, sectors, and cells were obtained using stratified random sampling techniques. Convenient and purposive samplings were used to sample households and farmers, respectively. Data were collected using structured interviews and questionnaires, and were analyzed using a binary logistic regression model. Model results indicated that both individual and institutional factors determine access to agricultural credit among smallholder maize and rice farmers in eastern and western provinces of Rwanda. The individualfactors included: saving of money in commercial banks (Adjusted Odds Ratio (AOR) = 2.389), owning a size of land that is 0-0.1 ha (AOR = 0.127), and knowledge of the repayment terms of agricultural loans (AOR = 0.203), while the institutional factors included: having privately-owned finance institutions in the area (AOR = 0.287), offer of both long and short-term loans (AOR = 0.290), interest rate between 11-15% (AOR = 0.178), the process for obtaining agricultural credit not being too long (AOR = 2.026). Institutional factors were more important than the individual farmer characteristics in determining access to credit. Policy interventions aimed at bolstering agricultural credit access among the smallholder farmers should address institutional challenges such as information asymmetry and the lack of credit guarantees that hinder agricultural credit access.",agriculture; business; stratified sampling; nonprobability sampling; productivity; psychological intervention; agricultural economics; odds; logistic regression; socioeconomics; agricultural science; economic growth; geography; economics; population; environmental health,10.4314/as.v21i2.1,5,
crossref,10.1108/00214720180001113,Agricultural and nonagricultural bank productivity: A DEA approach,Dias Weeratilake; Helmers Glenn A.,2001,Agricultural Finance Review,"Nonparametric data envelopment analysis is used to determine productivity and efficiency of agricultural and nonagricultural banks categorized into six different asset size groups. An output‐oriented Malmquist index is estimated and decomposed into its components to provide a comparison of performance over the 1981 1991 study period. Results show the primary source of productivity improvements for larger banks of both types has been technical changes or innovations. Small banks of both types have derived competitive strength from increased efficiency gains or catching up with frontier banks. Competitive pressure brought in by restructuring of the agricultural credit market has caused increased volatility in productivity growth, showing negative total factor productivity for the study period.",,10.1108/00214720180001113,5,
crossref,10.4236/tel.2020.103030,"Impact of Agricultural Credit on Cereal Productivity: Case Study of District Sargodha, Punjab Pakistan",Shabir Maria; Amin Kashif; Muhammad Awis; Ahmad Junaid,2020,Theoretical Economics Letters,,,10.4236/tel.2020.103030,5,
openalex,https://openalex.org/W2780791761,The Impact of Financial Sector Development on Agricultural Growth: Empirical Evidence from Pakistan,Mohammad Rizwan-Ul-Hassan,2017,Market Forces,"The paper examines the impact of financial sector development on agricultural growth in Pakistan. A Cobb-Douglas production function was used with two proxies for financial sector development, i.e. broad money M3 as proportion of GDP and agricultural loan disbursement. The study utilized annual data for the period 1981-2015. A VAR model was applied to explore the relationship between the performance of agricultural sector and improvement in financial services in the country. The results of the Johansen co integration test and VECM model reveals a significant positive relationship between agricultural growth and capital formation, farm credit disbursement and liquid liability in the financial sector. The relationship with rural labor force was mixed which may be attributed to the over employment of labor in the agricultural sector. The study is unique as it uses farm credit disbursement as an important dimension of financial services. The study recommends that for improving agricultural productivity, financial services have to be made more efficient. NA Keywords: Financial Sector Development, Agricultural Growth, Farm Credit Disbursement.",disbursement; agriculture; economics; loan; financial sector; business; agricultural productivity; productivity; financial system; agricultural economics; economic growth,,4,
openalex,https://openalex.org/W3010312751,Agricultural Financing in Haiti : Diagnosis and Recommendations,Nathalie Assouline; Ténin Fatimata Dicko,2019,unknown source,"This diagnosis is part of the World Bank’s technical assistance to the Haitian authorities regarding financial inclusion and financial sector development. The industrial development fund (FDI), a public instrument under the umbrella of the Bank of the Republic of Haiti (BRH), maintains advantages for agricultural financing in the country - subject to a clarification of its mandate and a strengthening of its capacities. The development and sustainability of an agricultural insurance program in Haiti faces many challenges. The World Bank Group supports the Haitian agricultural sector through numerous projects. In particular, these include the Resilient Productive Landscapes Project, which promotes sustainable land management, and the Strengthening Public Agricultural Services Project (RESEPAG II), which has established a co-financing mechanism for subprojects. It is called the co-financing fund for agricultural extension services (FSV) and includes a voucher system to acquire the agricultural goods and services needed for the adoption of technical packages from approved suppliers. On the basis of this diagnosis, recommendations aim to respond to the main constraints identified in order to promote sustainable financing of the agricultural sector by Haitian financial institutions. These recommendations focus on the supply of agricultural finance, while also recognizing the essential role of general agricultural support policies.",agriculture; business; mandate; sustainability; economic growth; economics; political science,,4,
openalex,https://openalex.org/W4391706736,"Financial inclusion and impacts on agriculture in Delta State, Nigeria",Collins Ovwigho Ashoro; Theophilus Miebi Gbıgbı; Oghenero Joseph Ovharhe,2024,GSC Advanced Research and Reviews,"The study appraised financial inclusion and impacts on agriculture in Delta State, Nigeria. Delta State, located in the southern region of Nigeria, is known for its rich agricultural potential. Agriculture is a major source of livelihood for the majority of its population, contributing significantly to both food security and economic growth. Nigeria introduced National Financial Inclusion Strategy (NFIS) in 2012. Besides, interventions of financial inclusion packages in Nigeria by some corporate financial inclusion organizations include: Agent Banking and Mobile Money, Nigeria Incentive-Based Risk Sharing System for Agricultural Lending (NIRSAL), Financial Literacy and Education Programs, Agricultural Credit Guarantee Scheme Fund (ACGSF) and Microfinance Institutions (MFIs). These organizations impacted the Delta State agriculture in the areas of cassava farming, oil palm production, rice cultivation, poultry, fisheries and aquaculture, agribusiness and processing and agricultural diversity. Such Impacts were obvious in food security, poverty reduction, women's empowerment, market access and value chain integration, risk mitigation, access to agricultural inputs, income diversification and increased agricultural productivity. Noticeable financial inclusion challenges in Delta State's agricultural sector were limited access to financial services, insufficient financial literacy programmes and inadequate rural infrastructure. It was concluded that financial inclusion in agriculture in Delta State is a cornerstone for the state's economic development and the well-being of its citizens. Among the recommendations given, it was emphasized that strengthening financial education system should be prioritized in agriculture.",financial inclusion; delta; agriculture; state computer science; business; inclusion mineral; agricultural economics; financial system; economics; development economics; geography; financial services; computer science; sociology; social science; engineering,10.30574/gscarr.2024.18.2.0479,4,
openalex,https://openalex.org/W2983528814,Adequate Financing And Agricultural Production: Response To New Generation Agriculture In Cameroon,Mbu Daniel Tambi; Wirbam Mary-Juliet Bime,2019,JASc (Journal of Agribusiness Sciences),"Food insecurity, malnutrition and hunger are persistent within the urban and rural areas in Cameroon resulting from inadequate development policy approaches. As a step to solve this problem, our study seeks principally to: evaluate the impact of adequate financing on agricultural production. Use is made of control function modeling. Empirical results are based on 2007 household consumption survey and statistics from Ministry of Agriculture. The result shows that adequate financing is strongly correlated with agricultural production, while results by type and nature of agricultural credit show that personal financing, bank and micro-financial institution, family and partners, friends and tontines and institutional support is increasing agricultural production. Further, subsidies in kind contribute more in augmenting agricultural production as compared to subsidies in cash. These results have implications for addressing the food security problem and poverty reduction in terms of improving agricultural productivity through adequate financing and subsidies in kind and income growth in this period of economic emergence.",subsidy; agriculture; agricultural productivity; production economics; food security; cash; productivity; agricultural economics; business; consumption sociology; cash crop; economics; poverty; christian ministry; economic growth; geography,10.30596/jasc.v3i1.3557,4,Université de Dschang; University of Bamenda
openalex,https://openalex.org/W4323773352,Determinants of credit access among rice farmers in rural Cameroon,Roland Azibo Balgah; Peter Ngek Shillie; Clifort Tieh Njonyi,2022,Journal of Agribusiness and Rural Development,"Inadequate access to credit remains a major constraint to agricultural production in Africa. However, not all farmers face this difficulty. This article assesses the determinants of agricultural credit access among rice farmers who are members of the Ngoketunjia Cooperative Credit Union in the Northwest Region of Cameroon. A structured pretested questionnaire was administered to 126 randomly selected credit beneficiaries and non-beneficiaries, all of whom are members of the study credit union. Binary logistic regression was performed, with the dependent variable (access to microcredit) being 1 (yes) if the respondent received a loan during the 2018/2019 farming season, and 0 (no) otherwise. 12 explanatory variables were used in the analysis, which adopted a 10% level of significance. Statistically significant relationships were observed between farm size, inputs, farm output, and access to loans, suggesting that access to microcredit has a positive impact on agricultural production. The three key factors facilitating access to microcredit were farming experience (B = 0.38, p = 0.06), the educational level of the farmer (B = 0.81, p = 0.06), and the diversion of loans to solve other problems (B = 1.64, p = 0.06). Based on these results, we recommend better financial inclusion of rice farmers in microcredit schemes to increase local rice production and reduce imports in Cameroon.",respondent; agriculture; loan; business; production economics; agricultural economics; logistic regression; agricultural science; economics; geography,10.17306/j.jard.2022.01571,4,University of Bamenda
openalex,https://openalex.org/W4413429335,Evaluating the Impact of Agricultural Credit Access on Smallholder Maize Farmers’ Productivity in the Northwest Region of Cameroon,Claudette Mengui Khan; Seung Gyu Kim,2025,Sustainability,"Food insecurity and poverty persist in Sub-Saharan Africa, largely driven by low agricultural productivity linked to limited credit access. This study investigates the effect of credit access on the productivity of smallholder maize farmers in Northwest Cameroon. Using cross-sectional data from 404 interviews and an endogenous switching regression model to address self-selection bias and unobserved heterogeneity, we show that access to credit significantly improves maize yields. However, credit access remains limited and is negatively influenced by farmer experience and group membership, while extension services and agricultural training enhance access. We recommend targeted financial support and capacity building to improve credit uptake and boost productivity in the maize sector.",productivity; agriculture; business; agricultural productivity; agricultural economics; agroforestry; geography; agricultural science; environmental science; economics; economic growth,10.3390/su17177574,4,Kyungpook National University
openalex,https://openalex.org/W2890544783,Rwanda Agriculture Finance Diagnostic,World Bank Group,2018,"World Bank, Washington, DC eBooks","Agriculture is critical to Rwanda’s&#13;\n economy and a key sector in Rwanda’s Economic Development&#13;\n and Poverty Reduction Strategy (EDPRS). Agriculture finance&#13;\n is a national priority to achieve transformation of the&#13;\n agriculture sector and greater financial inclusion.&#13;\n Prioritizing agriculture finance has yielded substantial&#13;\n achievements, but farmers’ use of formal financial services&#13;\n remains suboptimal. Demand-side data on the use of financial&#13;\n services by agri-enterprises are not available. The limited&#13;\n depth of the agricultural credit market is also reflected at&#13;\n the macro level. The report identifies several challenges to&#13;\n increasing access to financial services to the agricultural&#13;\n sector. However, Rwanda has key institutional foundations in&#13;\n place to scale up agriculture finance. The report identifies&#13;\n four key opportunities to further develop agriculture&#13;\n finance in Rwanda and recommends policy and institutional&#13;\n actions to realize these opportunities effectively.",agriculture; business; economics; geography; archaeology,10.1596/30453,3,
openalex,https://openalex.org/W4411730859,Linking Structured Commodity Markets with Formal Agricultural Finance to Improve Value Chain Transparency and Inclusion,Adeolu J. Alawode; Obunadike Thankgod Chiamaka,2025,International Journal of Research Publication and Reviews,"The persistent disconnect between structured commodity markets and formal agricultural finance mechanisms has impeded the inclusive development of agrarian economies, particularly in low-and middle-income countries.This article explores how integrating structured commodity markets (SCMs)-including warehousing systems, electronic trading platforms, and standardized contracts-with formal financial institutions can enhance transparency, credit accessibility, and value chain participation for smallholder farmers.It begins by examining the historical evolution of SCMs and their intended function in reducing post-harvest losses, improving price discovery, and enabling collateralization through warehouse receipts.From a broader financial development perspective, the article investigates how SCM-linked financing models reduce lending risk for banks and microfinance institutions by embedding traceability, inventory assurance, and contract enforcement mechanisms into agricultural transactions.Case studies from Ghana, Ethiopia, and India demonstrate that coupling warehouse receipt systems with structured exchanges has led to measurable improvements in farmer bargaining power, financial inclusion, and market efficiency.The paper narrows its focus to the bottlenecks in implementation-such as low institutional capacity, regulatory fragmentation, and limited digital integration-which constrain full realization of SCM benefits.By applying a value chain finance lens, the article identifies key enablers for successful SCM-finance linkages: interoperable digital platforms, risk-sharing mechanisms, and inclusive policy frameworks.It further emphasizes the need for coordinated public-private partnerships to address issues of access inequality and scalability.The article concludes with policy recommendations aimed at optimizing SCM-finance synergies to foster sustainable, transparent, and inclusive agricultural markets capable of withstanding climate and economic shocks.",transparency behavior; commodity; agriculture; business; inclusion mineral; chain unit; value mathematics; financial inclusion; economics; financial system; industrial organization; financial services; computer science; geography,10.55248/gengpi.6.0625.22110,3,
openalex,https://openalex.org/W4376140413,Evaluation of the Effect of Stone Lines and Microdosing Adoption on Sorghum Yield and Income: A Case of Smallholder Farmers in Burkina Faso,Didier Sawadogo; Ichizen Matsumura; Kumi Yasunobu; Cristhian Fernandez; Asres Elias Baya,2023,Journal of Agricultural Science,"This present study aims to investigate the factors influencing the combined adoption of stone lines and microdosing and its effect on sorghum yields and net income. By adjusting for biases in observable and unobservable factors, the multinomial endogenous switching regression (MESR) model was employed to estimate the net effects of adoption on outcomes. The average treatment effect on treated (ATT) was also employed to evaluate the effects of stone lines and microdosing adoption. For a more accurate estimation of farmer output and farming income, the inverse probability weighted regression adjustment (IPWRA) was also estimated. In achieving our purpose, we collected data from 420 farm households which had 1280 plots for four main crops. The total sample identified 368 sorghum plots with stone lines and microdosing adoption. The MESR results indicated that the number of extension visits, level of education, access to agricultural credit, access to subsidies, household size, family labour and tropical livestock unit (TLU), and perception of soil fertility all played significant roles in the adoption of the stone lines and microdosing combination. The ATT revealed that adopters of the stone lines and combined microdosing had a higher sorghum yield than their counterfactual. The adoption of the stone lines and microdosing increased sorghum yield and net sorghum income, respectively, by 70% (p &amp;lt; 0.001) and 60% (p &amp;lt; 0.001). This result shows a strong synergy in agricultural productivity between the stone lines and the microdosing. However, the sorghum yield was positively and significantly affected by the microdosing adoption, but the effect on net income was non-significant. The results demonstrate that adopting both techniques would be more effective, and this would let smallholder farmers improve their sorghum yield and income. The study recommends intensifying efforts to promote the use of both technologies simultaneously, educating smallholder farmers on the proper use of microdosing, and encouraging fertilizer subsidies for smallholder farmers in order to farm yield and maintain food security.",sorghum; agricultural science; agriculture; net income; agricultural economics; business; economics; geography; environmental science; forestry,10.5539/jas.v15n6p41,3,Tottori University
openalex,https://openalex.org/W4386606710,Effect of Agriculture on Sustainable Financial Sector’s Growth in Nigeria,Ogunlokun Ayodele Damilola; Adeleke Kareem O.,2023,Journal of Economics Finance and Management Studies,"Plethora of studies has been concluded on the relationship between agriculture and economic growth, including a few other sectors of the economy. However, no attention has been accorded the relationship between agriculture and the financial sector in line with Demand-Following Hypothesis. Against this backdrop, this study examined the effect of agriculture on the sustainable growth of the Nigerian financial sector from 1999 to 2020. Data were collected from the secondary source and extracted from the Central Bank of Nigeria’s Statistical Bulletin. Analysis of the data was carried out using Autoregressive Distributed Lags Model (ARDL). The result revealed that the variables were co-integrated in the long-run; in addition, credits granted to agricultural sector by the financial institutions (GCA), amount granted to agricultural sector under Agricultural Credit Guarantee Scheme (ACGS) were positively but insignificantly associated with the growth of the financial sector in the long-run with the coefficients: 0.008GCA (p-value = 0.1511&gt;0.05), 0.002ACGS (p-value = 0.4452&gt;0.05). The productivity of the agricultural sector (AGRPROD) however, with coefficient 1.002AGRPROD (p-value = 0.0001&lt;0.05), was predominantly positive and statistically significant in influencing the sustainability of the Nigerian financial sector’s growth in the long-run; this thus amounted to confirmation of Demand-Following Hypothesis. Furthermore, the lending interest rate maintained negative but insignificant effect on the growth of the financial sector in Nigeria. Based on the foregoing result, the study concluded that agriculture positively and significantly promoted the sustainability of the Nigerian financial sector, and recommended accordingly, that agricultural sector should be given top priority in terms of funds and other resources allocation as this culminates in stimulating financial sector’s sustainable growth in Nigeria.",agriculture; financial sector; productivity; sustainable growth rate; agricultural economics; economics; value mathematics; economic sector; financial system; business; economic growth; economy; geography; mathematics; statistics,10.47191/jefms/v6-i9-09,3,"The Federal Polytechnic, Ado-Ekiti"
openalex,https://openalex.org/W3118111282,Determining the Magnitude of the Impact of Agricultural Credit on Productivity,Steffie Raynica,2020,Journal of Economics and Development Studies,"Journal of Anthropology and Archaeology is a peer-reviewed international journal, which publishes original papers promoting theoretical, methodological and empirical developments in the discipline of socio-cultural anthropology.",productivity; agriculture; promotion chess; context archaeology; agricultural productivity; business; agricultural economics; economics; labour economics; economic growth; geography; politics; political science,10.15640/jeds.v8n4a6,3,
openalex,https://openalex.org/W1869560160,Does Credit Play a Role in Increasing the Yields of Wheat and Cotton: A Case Study of District Sahiwal,Muhammad Asim; Maqsood Hussain; Nasir Nadeem; Asghar Ali; Muhammad Ali Imran; M. S. Hussain; Ihsan Jamil; Imran Ghaffar; Muhammad Mahbubur Rashid,2015,Mediterranean Journal of Social Sciences,"Agricultural credit plays a pivotal role in enhancing crop productivity by making possible easy access to essential inputs. The present study has been conducted during 2010-11 to investigate the effect of agricultural credit on wheat and cotton crops productivity in Sahiwal district. The data were collected from 100 farmers, among which half were loanee while the other half were non-loanee farmers. A Cobb Douglas production function was employed to assess the effect of various agronomic and production variables on productivity of wheat and cotton crops. The analysis estimated the coefficients of seed cost (scost), irrigation cost (ircost) and agricultural credit (dummy variable for credit) as 0.378, 0.098 and 0.026, respectively for wheat. All the variables were found to be highly significant for wheat crop. While in case of cotton, all variables except irrigation cost were significant at 1 percent while the variable of seed bed preparation was significant at 7 percent level of significance. Since agricultural credit has a significant role in enhancing the productivity of these crops, therefore, the study suggests of devising easy lending procedure, financing agricultural machinery on subsidized rates and creating the awareness regarding agricultural loans. These measures will enhance loan disbursement to farmers considered to be imperative for increasing productivity of wheat and cotton crops. DOI: 10.5901/mjss.2015.v6n4s3p482",productivity; agriculture; agricultural science; loan; agricultural productivity; irrigation; subsidy; production economics; crop; agricultural economics; business; variable cost; economics; agronomy; environmental science; geography; biology; economic growth,10.5901/mjss.2015.v6n4s3p482,3,University of Agriculture Faisalabad; Utah AIDS Foundation
openalex,https://openalex.org/W4389787464,Agricultural Credit Policy and Livestock Development in Nigeria,Sunday B. Akpan; Veronica S. Nkanta; Edet J. Udoh,2023,Zeszyty Naukowe SGGW w Warszawie - Problemy Rolnictwa Światowego,"This research aimed to provide empirical information on the relationship between the livestock production index and the credit policy environment in Nigeria. Time series data were used, and an autoregressive distributed lag (ARDL) bound test approach was adopted to establish the presence of co-integration among series. The estimated long and short run models showed stability, best quality, efficiency and unbiased. The findings showed that in the long run, total credit to the agricultural sector from commercial banks and domestic credit to the private sector both had significant positive influence on livestock production, while agricultural credit guarantee scheme loans to livestock units exhibited a negative impact. In the short run, agricultural credit guarantee scheme loans to livestock, lending interest rate, and domestic credit to the private sector negatively relate to livestock production. However, the commercial banks’ total credit to the agricultural sector showed a positive effect on livestock production in the short run. The implication of the findings indicates a need to increase total commercial credit to the agricultural sector and domestic credit to the private sector, to reassess the agricultural credit guarantee scheme, and to lower the lending interest rate for agricultural credit – these as a means for increasing livestock production in the country.",livestock; agriculture; distributed lag; production economics; business; agricultural productivity; agricultural economics; short run; private sector; economics; monetary economics; economic growth; econometrics; macroeconomics; geography,10.22630/prs.2023.23.3.11,3,Akwa Ibom State University; University of Uyo
openalex,https://openalex.org/W3128917797,Characterization of smallholder farmers and agricultural credit institutions in Rwanda,Nathan Kanuma Taremwa; Ibrahim Macharia; Eric Bett,2021,African Journal of Food Agriculture Nutrition and Development,"The significance of access to agricultural credit in perpetuating agricultural productivity is unquestionable, because it is a means to achieving optimal productivity. The minimization of any barriers to agricultural credit access should,thus,be a global priority. One of the most significant and current barriers to agricultural credit access is information asymmetry which results into mutual distrust between lending institutions and borrowers in this case the smallholder farmers. To address information asymmetry, both the lending institutions and borrowers need to have definitive descriptive information about either party. Without the profiling of institutions and potential borrowers, an information gap persists, thereby increasing mutual distrust. This study addresses that gap, in the context of Rwanda by characterizing smallholder farmers and agricultural credit institutions. Across-sectional survey design was used in this study with smallholder farmers and staff in agricultural credit institutions in the Eastern, Western, and Central provinces of Rwanda as the units of analysis. A multistage sampling procedure was used,with stratified sampling of administrative levels spanning from province(stage 1) to districts (stage 2) and sectors(stage 3),followed by a simple random sampling of cells per sector, and the convenience sample of households. Staff in the financial institutions were purposively sampled. The data collected was analyzed using principal component analysis and cluster analysis with the K-means statistic(SPSS version 25). The largest cluster of smallholder farmers has the following characteristics: household size of1to 5 people, farmers with education, owning arable land not exceeding a hectare, with more than five years of farming experience,earning from other off-farm activities, with no dependents under five years of age, and renting less than an acre of land. As for agricultural credit institutions, the largest cluster has following compositions:have mechanisms or measures established for managing loan defaults with the majority using refinancing, rescheduling, and collateral release, with variable loan payback options, and provide targeted agricultural credit to farmers such as agricultural input premium.The research findings are particularly pertinent for maize-and rice-growing farmers,and how to reduce the information gap and the implications of broadening access to credit to smallholder farmers were discussed. This study emphasizes the need for characterization for both parties to be better informed about the characteristics and dynamics of each other, all in a bid to lessen asymmetric information and thus improve access to credit.",distrust; business; stratified sampling; multistage sampling; agriculture; context archaeology; descriptive statistics; agricultural economics; economic growth; economics; geography,10.18697/ajfand.96.19585,3,Kenyatta University
crossref,10.1108/afr-05-2021-0067,Credit-linked insurance bundles in Zambia: evidence from the aftermath of a shock,Van Asseldonk Marcel; Onumah Gideon; Lensink Robert,2021,Agricultural Finance Review,"Purpose This research seeks to assess the impact of a credit-linked insurance bundle in Zambia, in terms of the inputs used and the amount of maize subsequently produced and sold. Design/methodology/approach To estimate the impact of a credit-linked insurance bundle, this research relies on a natural field experiment. A cross-sectional survey, conducted among 409 households that enrolled in a credit-linked insurance program prior to a drought and adverse market conditions, revealed that 252 households dropped out of the program. Of these, 113 households left for an exogenous, involuntary reason (i.e. group loan was not repaid on time). Findings A comparison of households that used the program and those that dropped out reveals that smallholders who lost the credit-linked insurance bundle purchased less fertilizer (−36%), and this input restriction resulted in diminished harvests (−27%) and less quantity sold (−31%). Research limitations/implications Risk-exposed smallholders tend to be severely credit constrained, so they cannot invest in sufficient inputs to increase their yields. A credit-linked insurance scheme provides such risk-exposed smallholders, who lack or have only limited collateral, with commercial agricultural credit services and greater access to input. The current analysis cannot specifically attribute the impact of individual components of the bundle (i.e. credit, insurance and input supply), but the overall impact is substantial. The implication of this research is that policy initiatives which support a credit-linked insurance system should not only encourage upscaling but also resilience of the scheme. Practical implications Aligning government and public support programs with private initiatives suggests opportunities for greater benefits. Social implications African farmers are mainly smallholders, so they face inherent production risks. They also tend to be severely credit constrained, with few means to mitigate these risks, so they suffer from a limited capacity to invest in improved farm technology systems that might increase their productivity. Insured input bundles could help farmers to cope better with adverse risks and facilitate increase productivity. Originality/value This research design exploits the peculiarity of the data, including group liability and a strict time window for loan repayments to remain eligible in a forthcoming growing season. This impact assessment approach is rigorous in controlling for self-selection bias and thus offers opportunities to establish how households in each sub-sample (eligible or not) are (un)able to ride out a lean season, following a drought and adverse market conditions.",,10.1108/afr-05-2021-0067,3,
openalex,https://openalex.org/W4247150866,Agricultural finance and the youth: prospects for financial inclusion in Kenya,NA,2020,FAO eBooks,,financial inclusion; agriculture; business; financial system; political science; economics; financial services; geography; archaeology,10.4060/cb2297en,2,
openalex,https://openalex.org/W4247047506,Agricultural finance and the youth – Prospects for financial inclusion in Uganda,NA,2020,FAO eBooks,,financial inclusion; agriculture; business; inclusion mineral; financial system; financial services; geography; sociology; social science; archaeology,10.4060/ca7873en,2,
openalex,https://openalex.org/W4404990383,Enhanced Agricultural Financial Services through Cloud Computing: A New Paradigm of Security and Efficiency,Xuejun Zhang,2024,Research on World Agricultural Economy,"The agricultural sector has long faced significant challenges in accessing efficient and secure financial services, hindering its growth and sustainability. This study investigates the transformative potential of cloud computing in enhancing agricultural financial services, with a particular focus on improving security and operational efficiency. Through a comprehensive literature review and the development of a multi-dimensional security framework, the research explores the integration of cloud technologies in agricultural finance. The framework addresses physical, network, application, and data security aspects, tailored to the unique challenges of rural environments. A detailed case study of AgriBank’s implementation of a cloud-based agricultural financial services platform provides empirical evidence of the benefits and challenges associated with this technological shift. The results demonstrate substantial improvements in key performance indicators, including a significant reduction in loan processing time, enhanced credit risk assessment accuracy, and a notable increase in the agricultural loan portfolio. The study also highlights the importance of addressing rural-specific issues such as intermittent connectivity and varying levels of digital literacy. The findings contribute to the growing body of knowledge on financial technology applications in agriculture and offer valuable insights for policymakers and financial institutions seeking to leverage cloud technology to enhance their agricultural finance capabilities. This research underscores the potential of cloud computing to foster greater financial inclusion, promote sustainable agricultural development, and ultimately contribute to global food security.",cloud computing; cloud computing security; agriculture; business; financial services; paradigm shift; computer security; computer science; operating system; geography,10.36956/rwae.v5i4.1315,2,Seoul School of Integrated Sciences and Technologies
openalex,https://openalex.org/W4205261743,Role and Trend of Agricultural Finance Institutions in the Inclusive Growth of Farmers in Rural India,Ujwala Kambali; Niyaz,2021,International Journal of Case Studies in Business IT and Education,"Purpose: The study is to evaluate the development of agricultural credit in India, exploration of the agricultural development and also to examine the various policies implemented by the Government of India. The paper emphasizes on the development in agriculture finances, new methods, techniques and technologies with a focus on how they lead to improved agricultural growth and greater financial inclusion. Design/Methodology/Approach: The study is grounded on secondary data compiled from different journals, web sites and related information from newspapers, annual reports of NABARD and RBI. Findings: The study has discovered that, informal credit has decreased as a percentage of total debt, while institutional credit to agriculture has exaggerated over time as a result of institutional agencies volunteering into rural areas, nationalization of foremost commercial banks and the establishment of regional rural banks through Reserve Bank of India initiatives. Originality/Value: This study is unusual in that it attempts to trace the agricultural financial institution in India, as well as the numerous agricultural policies that have been enacted as a result of agricultural finance. Paper Type: Case Study",agriculture; government linguistics; financial inclusion; business; debt; economic growth; agricultural economics; economics; financial services; geography,10.47992/ijcsbe.2581.6942.0144,2,Mangalore University
openalex,https://openalex.org/W4396937031,"Evaluating the Effectiveness of the Kisan Credit Card Scheme: A Data-Driven Analysis from Karnataka, India",B. Sheela; H. Rajashekar,2024,unknown source,"The study detailing the performance of the Kisan Credit Card (KCC) scheme in Karnataka is notably important for the scientific community, especially those focused on agricultural finance, policy-making, and rural development. By examining the scheme's implementation, growth, and outcomes, the study contributes to understanding how financial initiatives can enhance agricultural productivity, financial inclusion, and economic resilience among farmers. The study examined the performance of the KCC scheme by considering the number of operative cards and the amount outstanding from the financial year 2017 to 2022. The study is descriptive as well as inferential in nature. It is found that the number of operative KCCs and the amount outstanding have grown by 2.98 percent and 31.26 percent on an annual basis respectively over a period of five years. Co-operative banks were found to be ranked first having 66 percent of operative KCCs and 82 percent of the amount outstanding during the year 2021-22 due to the initiation of the Government of Karnataka under the KCC saturation drive. The KCC scheme is one of the agriculture credit delivery instruments that offers several benefits, helps in uplifting the standards of living of farmers, encourages them to shift from subsistence farming to commercial farming by providing timely credit, and also brings them under the purview of financial inclusion. The study suggested that outreach of the KCC scheme should be improved in terms of card issuance as the CAGR was only 2.98 percent during the study period. A comparison study of the growth of the KCC scheme between various states can be done to address the regional growth of the scheme.",credit card; scheme mathematics; computer science; mathematics; world wide web,10.9734/bpi/crbme/v7/18,2,University of Mysore
openalex,https://openalex.org/W4408116349,Tokenization of Agricultural Assets: Strengthening Blockchain Security in Agri-finance and Investment Models Against Fraud and Cyber Risks,Omobolaji Olufunmilayo Olateju,2025,Asian Research Journal of Agriculture,"Blockchain-based tokenization is transforming agricultural finance by enhancing efficiency, transparency, and security. This study focuses on small farmers and agribusinesses, evaluating the role of blockchain in mitigating fraud and cyber risks while improving financial accessibility. Using datasets from the World Bank Global Findex (measuring financial inclusion in agriculture), Ethereum blockchain transaction records (analyzing tokenized asset security and fraud detection), and FAO Agristats (assessing financial efficiency in agricultural markets), the study provides an empirical assessment of tokenization's impact. Methodologically, logistic regression is employed to predict fraud risk based on financial accessibility and regulatory strength, while anomaly detection using Z-scores identifies irregular blockchain transactions. Additionally, a Difference-in-Differences (DiD) regression model evaluates financial efficiency improvements, measuring the impact of tokenization on loan disbursement times, transaction costs, and transparency. The findings indicate that tokenization reduces loan disbursement times by 31.3%, lowers transaction costs by 37.3%, and increases financial transparency by 40%. Fraud occurrences were 15% lower in blockchain-enabled transactions, with a weak correlation (r = -0.064) between digital finance adoption and fraud rates, suggesting that governance weaknesses rather than digitalization alone influence fraud risks. The study recommends advanced smart contract security, decentralized identity verification, regulatory oversight, and oracle network integration to enhance blockchain security in agricultural finance. These insights underscore the importance of multi-layered cybersecurity strategies in securing tokenized agricultural investments, benefiting farmers, agribusinesses, and financial institutions while fostering a more transparent and efficient agri-finance ecosystem.",blockchain; lexical analysis; business; investment military; agriculture; computer security; financial system; computer science,10.9734/arja/2025/v18i1657,2,University of Ibadan
openalex,https://openalex.org/W2899862399,Pursuing Sustainability in the Euro-Mediterranean Area: The Role of Agricultural Finance,Margherita Mori,2017,Athens Journal of Mediterranean Studies,"This paper deals with sustainability issues that call for unprecedented attention in the financial industry, as well as in other market segments.Focusing on how it can support agriculture and food systems in the Euro-Mediterranean area may prove rewarding; lessons learned are likely to turn useful elsewhere, due to widely shared challenges.The agribusiness has been confronted with unexpected difficulties since 2007, such as agflation and its socio-economic effects, the subprime crisis, and environmental degradation.Meanwhile deep-rooted problems have mostly remained unsolved: many farms are still undersized; land is seldom used efficiently, and firms tend to be owned and operated by families; as such, managerial criteria do not fully display their potential and the flight to quality depends on the role of finance to a significant extent.To make it more and more appealing, the financial sphere of the economy looks like a huge laboratory with both physical and virtual features.Sorting out the most fruitful advancements and replicating them will help to promote sustainable finance, to the benefit not only of local markets, due to increasing globalization: upgrading the supply of financial services to rural areas is a vital part of addressing issues that pervade our globalized economy, such as those pertaining to food security and poverty reduction, thus contributing to sustainable development.All in all, expansion of agricultural finance can generate a win-win situation that may foster growth even where financial inclusion is by itself a challenging task.Furthermore, positive synergies can be exploited by promoting clusters, such as industrial and technological districts that specialize in agricultural commodities and that may take advantage of economies of scale while getting access to finance.Building capacity, pursuing innovation and enriching knowledge sound like promising goals in the area under investigation, as well as in our global village as a whole.",sustainability; agriculture; mediterranean climate; business; economics; natural resource economics; agricultural economics; geography; ecology; archaeology,10.30958/ajms.3-3-2,2,
openalex,https://openalex.org/W4283651942,Literature Review on Farmers’ Agricultural Credit Access in Ethiopia,Gutama Girja Urago; Mehmet Bozoğlu,2021,ANADOLU JOURNAL OF AGRICULTURAL SCIENCES,"Agriculture is one of the important sectors that contribute to the economy of a country. It contributes the largest portion of the Ethiopian Gross Domestic Product, followed by the industry and service sectors, respectively. Farmers’ access to credit is essential to increase agricultural productivity and modernize agriculture. The purpose of this study was to review the recent literature related to the access to credit of farmers in Ethiopia. The reviewed literatures were obtained from Google Scholar, Science Direct, Web of Science, FAO, and World Bank. According to reviewed literature, the variables of age, gender, education level, family size, land size, number of livestock owned, years of membership to a lending ınstitution, distance from the credit center, and income level of farmers were determined as affecting factors for farmers’ access to credit. The impact of access to credit on farm productivity was found to be positive and significant. The literature revealed that most of the farmers were credit constrained and had loan demand. If the constraints were removed and farmers could access enough credit, agricultural productivity would be increased and agricultural income would be improved. Therefore, the government has to support microfinance institutions in order to provide credit to farmers, and women empowerment should be ensured for fair credit access.",agriculture; business; productivity; loan; microfinance; agricultural economics; agricultural productivity; government linguistics; livestock; service business; gross domestic product; economic growth; economics; geography; marketing; forestry,10.7161/omuanajas.978056,2,Ondokuz Mayıs University
openalex,https://openalex.org/W4413797098,Leveraging Agricultural Credit and Digital Finance for Enhancing Smallholder Productivity and Rural Economic Growth,Taiwo Adesiyan,2025,International Journal of Research Publication and Reviews,"Agricultural transformation in developing economies hinges on the ability of smallholder farmers to access timely resources, adopt improved technologies, and integrate into more resilient value chains.Despite their pivotal role in global food production, smallholders often face systemic challenges such as limited access to credit, volatile markets, and inadequate infrastructure.Traditional agricultural financing mechanisms have historically failed to bridge these gaps due to high transaction costs, weak collateral systems, and information asymmetry.In recent years, the emergence of digital finance encompassing mobile money, digital credit scoring, and fintech-driven platforms has redefined the landscape of rural financial inclusion.By leveraging digital tools, smallholders can now access microloans, insurance, and savings schemes more efficiently, while financial institutions reduce risks through data-driven credit assessments.The integration of agricultural credit with digital finance not only enhances farmers' capacity to invest in productivity-enhancing inputs, such as quality seeds and mechanization, but also facilitates participation in broader agri-food markets.Moreover, digitized payment systems strengthen transparency, reduce transaction leakages, and foster trust among stakeholders.This synergy contributes directly to rural economic growth by improving household income, creating rural employment opportunities, and stimulating agri-business investments.However, barriers remain, including digital literacy gaps, limited internet infrastructure, and regulatory hurdles that constrain scalability.Therefore, a multi-pronged approach combining innovative financial products, supportive policy frameworks, and capacity-building interventions is essential to unlock the full potential of agricultural credit and digital finance.Properly harnessed, these mechanisms can transform smallholder farming from subsistence-oriented activity into a driver of sustainable rural development and economic resilience.",productivity; agriculture; business; agricultural productivity; agricultural economics; economics; economic growth; geography,10.55248/gengpi.6.0825.3090,2,Middle Tennessee State University
openalex,https://openalex.org/W3005521696,"Demand for agricultural credit by rural smallholder farmers: A case of climate smart agriculture villages in Nyando Basin, Kenya",Elly Kyalo Musembi,2019,CGSPace A Repository of Agricultural Research Outputs (Consultative Group for International Agricultural Research),"The effect of climate change and variability on agricultural production systems cannot be underestimated especially in rural areas. Farmers more than often experience increased agricultural losses and reduced productivity due to weather vagaries, little or no investment in their farms etc. Rural smallholder farmers are most affected and are faced with a number of challenges such as lack of insurance services, limited access to credit facilities especially from formal sources, among many others problems as they try to adapt and mitigate the impact of changing climatic conditions and effects of global warming. With the absence of insurance and limited access to financial resources (agricultural credit) the ability of the farmers to adopt smart farming technologies that can cushion them from such losses is threatened. In order to inform policy a lot of research work has been done on agricultural credit but resulted to inconsistent findings and conclusions in different regions. With such in mind, more research is needed on credit market participation, the intensity of participation and the choice of credit market more so in specific regions of the developing countries. The findings of these studies will augment the already existing knowledge and policies that actually reflect the needs of those particular communities for rural sustainable development in general and agriculture in particular. This research paper assessed loan facilities demanded by smallholder farmers‟, factors affecting borrowing decisions and the subsequent factors that influence the intensity of borrowing by these farmers in climate-smart villages of Nyando, Kisumu in an attempt to finance agricultural production and adopt smart farming practices. By use of stratified sampling a 120 households were sampled from participating and non-participating households. Data on individual, institutional and socioeconomic characteristics was collected from these farm households by university of Nairobi masters students in conjunction with CCAFS using structured questionnaire. Data analysis employed descriptive and quantitative methods using double hurdle model. The findings show that loan repayment period, number of groups household members are into and collateral influence positively the household decision to borrow with the intensity of participation being positively and significantly influenced by loan repayment period and household wealth endowment. Therefore groups should be used to finance farmers and unlock their economic potential.",agriculture; business; agricultural economics; structural basin; agricultural science; geography; agroforestry; water resource management; economics; environmental science,,2,
openalex,https://openalex.org/W2287982475,Innovations in Agricultural Credit Market – Rationalisation of Policy Response,"Priyanka Satish; Satish, P.",2012,"AgEcon Search (University of Minnesota, USA)","Agriculture is a risky economic activity.A large range of uncontrollable elements can affect output, production and price resulting in highly variable economic returns to farm households.In developing countries, farmers also lack access to modern instruments of risk management such as insurance, future contracts and guarantee funds as well as ex poste emergency government assistance.One consequence of inadequate overall financial risk management is that farmers, in general, face constrained access to formal finance.The smaller the net worth of the farm household, the greater the degree of exclusion.Formal lenders avoid financing agriculture for a host of reasons: high cost of service delivered, information asymmetries, lack of branch networks, perception of low profitability in agriculture, lack of collateral, high levels of rural poverty or low levels of farmer education and financial literacy.But predominantly, Bank Managers around the world say that they would not finance agriculture because of the high degree of uncontrolled production and price risk that can influence the sector.The farmer can be an able and diligent manager with an excellent reputation for the repayment, guaranteed access to a market and high quality technical assistance but an unexpected drought or flood can force him/her to involuntarily default.Most rural households lack access to reliable and affordable finance for agriculture and other livelihood activities.The recent financial crisis has made provision of credit even tighter and the need to explore innovative approaches to rural and agricultural finance even more urgent.Rural and agriculture finance innovations have significant potential to improve the livelihood and food security of the poor.In the 1980s and 1990s, the deleterious impact of limited financial access caught the attention of many academics, policy makers, donor agencies and development practioners who generated an outpouring of new thinking and new ideas.But these innovations were largely confined to non-agricultural micro enterprise finance.Financial institutions across the world have demonstrated a lack of interest in agricultural finance due to a variety of reasons.Many agricultural households are located in remote parts of the countries and were often so widely disposed that",business; collateral; agriculture; access to finance,10.22004/ag.econ.204796,2,
openalex,https://openalex.org/W4390515125,The effect of agricultural credit on cassava output and yield in nigeria.,Timileyin Victoria Alabi; Adegboyega Oguntade; Reuben Adeolu Alabi,2023,Global Journal of Agricultural Science,"The broad objective of this study is the analysis of the long and short run effects of agricultural credit on cassava yield in Nigeria. The study applied descriptive statistics and autoregressive distributed lag (ARDL) econometric) approach to the secondary data collected from Central Bank of Nigeria Statistical Bulletin and FAOSTAT. The descriptive analysis shows that cassava output was increasing in Nigeria with decreasing trend in yield. It was revealed in the study that Roots and Tubers Expansion Programme (RTEP) has no significant effect on cassava production and yield. The result of the econometric analysis indicates that agricultural credit do not have significant long and short-run effects on cassava production and yield. This is because the real per capita agricultural credit is small. However, study indicates that fertilizer has long and short-run effects on cassava output but does not have a significant effect on cassava yield. This study also documented evidence of declined labour and land productivity on the long and short-run. The study reveals that ecessive rainfall can be detrimental to cassava production in the long and short-run. The study concludes that although, agricultural credit do not have significant long and short-run effects on cassava production and yield, it is positively correlated with agricultural inputs used in cassava production. The study recommended the need to address the decline in the real value of per capita credit by increasing the amount of credit given to the farmers. There is also the need to design more credit facilities suitable to the farmers. The current Anchor Borrowers programme should be designed to accommodate more resource-poor cassava farmers.",agriculture; yield engineering; distributed lag; production economics; agricultural economics; economics; productivity; econometric analysis; agricultural productivity; per capita; short run; descriptive statistics; agricultural science; econometrics; mathematics; statistics; geography; monetary economics; biology; economic growth; macroeconomics,10.4314/gjass.v22i1.5,2,Federal University of Technology
openalex,https://openalex.org/W4392234127,Increasing Boro rice productivity through credit: Evidence from Bangladesh,Shah Johir Rayhan; Md. Sadique Rahman; Kaiyu Lyu,2024,Agricultural Economics (Zemědělská ekonomika),"Rice productivity needs to be increased to feed Bangladesh’s growing population. Productivity can be increased by adopting improved varieties and management practices, which require additional capital inputs. In this article, we aim to estimate the effect of formal and semiformal credit on rice productivity in Bangladesh. We surveyed 500 rice farmers to achieve these objectives. We used descriptive statistics, propensity score matching and Heckman’s endogenous treatment effect model to analyse the data. The findings indicate that literacy, television ownership and training positively influenced access to formal credit. In general, credit recipients achieved higher productivity than did non-recipients. In the situation of credit source-specific effect, we found mixed results. Given the estimated difference ofÂ 438Â kg/haÂ toÂ 495Â kg/ha, the results indicated that formal credit recipients had significantly higher productivity than did formal credit non-recipients. InÂ contrast, endogenous treatment effect model results suggested that both formal and semiformal sources ofÂ credit had aÂ significant effect onÂ rice productivity. Increased agricultural loan disbursement through formal and semiformal credit institutions isÂ strongly advocated. Farmers’ decision-making abilities regarding the most effective source ofÂ credit can beÂ improved through training inÂ financial literacy. The central bank ofÂ Bangladesh, along with the credit regulatory authorities ofÂ non-governmental organisations, can implement appropriate agricultural credit programmes for farmers.",boro; productivity; agricultural economics; business; economics; economic growth; boron,10.17221/341/2023-agricecon,2,Sher-e-Bangla Agricultural University; Institute of Agricultural Economics and Development
openalex,https://openalex.org/W4297107080,Integrated development of inclusive finance and green finance promotes rural revitalization,Luyu Pan,2022,Advances in Economics and Management Research,"In 2016, China put forward the topic of green finance and inclusive finance at the G20 Summit in Hangzhou. Since then, more and more scholars in China have paid attention to the possibility and influence of the integrated development of green finance and inclusive finance. In recent years, China has gradually established a domestic green financial market system through a series of measures such as issuing green financial standards, disclosure requirements and encouraging green financial product innovation. According to data from the National Statistical Bulletin, by the end of 2021, the loan balance of major rural financial institutions (rural credit cooperatives, rural cooperative banks, rural commercial banks) was 2.42496 trillion yuan, an increase of 2.6607 billion yuan compared with the beginning of the year. From the perspective of Liaoning Province, at the end of 2020, the balance of loans in domestic and foreign currencies of banking financial institutions in Liaoning was 520.94 billion yuan, an increase of 262.68-billion-yuan year-on-year, an increase of 5.3% year-on-year. The growth rate slowed down, with a decrease of 4.9 percentage points compared with the previous year. Firstly, we select a series of indicators and use entropy method to calculate the weight of each indicator. According to the analysis and processing of historical data, the quantization results of core explained variables, core explained variables and control variables are obtained. Descriptive statistics are made according to China Rural Statistical Yearbook and Peking University Digital China GSP Financial Index (2011-2020). Then, four spatial econometric models, namely spatial Dubbin model, spatial autoregression model, spatial correlation model and spatial error model, were applied to analyze the development relationship between digital inclusive finance and rural revitalization. Based on the evaluation system of rural revitalization, the development level of rural revitalization was obtained by combining the relevant data of 30 provinces in China from 2011 to 2021. Finally, the application of LR inspection, LM test to verify the reliability of the regression results, and considering the effect of partial differential decomposition method is used to the calculation results are decomposed, the weights in different space under the condition of digital Pratt &amp; Whitney directly influence to the time of rural financial revitalization policy and policy space spillover effects, further analysis Pratt &amp;Whitney financial relationship with the revitalization of the development of the rural.",yearbook; china; summit; loan; index typography; economics; business; descriptive statistics; national bank; financial system; geography,10.56028/aemr.1.2.193,2,Liaoning University of International Business and Economics
crossref,10.1080/10549811.2025.2592605,"Financing Growth, Fueling Loss? Unpacking the Dual Impact of Agricultural Credit on Farm Productivity and Deforestation in Nigeria",Shehu Abbas; Madaki Mustapha Yakubu; Ullah Ayat; Bavorova Miroslava,2025,Journal of Sustainable Forestry,,,10.1080/10549811.2025.2592605,2,Abubakar Tafawa Balewa University; Czech University of Life Sciences Prague
crossref,10.1177/21582440251342095,Does Financial Credit Obtained From Financial Institutions Influence Agricultural Productivity While Balancing Economic Growth and Sustainability? Empirical Evidence From Sierra Leone Using the VAR Approach,Massaquoi Saffa Mohamed; Mande Zhu; Ge Dongdong; Bah Abdul Salami,2025,Sage Open,"Agriculture dominates Sierra Leone’s economy, employing 75% of the labor force and contributing 64.5% of GDP. Despite its centrality, financial constraints persistently impede sectoral growth, necessitating evidence-based interventions. This study examines the long- and short-term impacts of financial credit on agricultural productivity in Sierra Leone (1990–2024), with implications for policy design. Using time-series data and a vector autoregression (VAR) framework, we analyze linkages between agricultural productivity and financial credit, labor, land, fertilizer use, investment, and rainfall. Co-integration tests and error correction modeling (ECM) identify equilibrium relationships and dynamic adjustments. Co-integration confirms a stable long-run equilibrium. A 1% increase in financial credit, agricultural land, and investment boosts productivity by 0.105%, 0.344%, and 0.04%, respectively. Conversely, a 1% rise in agricultural labor and rainfall reduces productivity by 0.77% and 1.59%, signaling labor saturation and climate vulnerabilities. Short-term ECM estimates reveal a 33.4% annual adjustment toward equilibrium, highlighting sluggish sectoral adaptation. Financial credit expansion, land optimization, and targeted investment are pivotal for enhancing productivity, whereas labor oversupply and erratic rainfall impede growth. Policy priorities include improving smallholder credit access, promoting sustainable land management, and upgrading climate-resilient infrastructure. These findings advance scholarly debates on agricultural finance in fragile economies and offer actionable pathways for Sierra Leone’s agricultural transformation.",,10.1177/21582440251342095,2,"Guizhou University, Guiyang, China; Northwest A &amp; F University, Yangling, China"
crossref,10.1108/caer-07-2024-0216,The development of new rural financial institutions and agricultural total factor productivity,Song Wenhao; Huang Zuhui; Hu Weibin; Li Xiaxin,2025,China Agricultural Economic Review,"Purpose Since China implemented rural financial incremental reform, various new rural financial institutions (NRFIs) have achieved rapid development. By discussing the impact of NRFI development on agricultural total factor productivity (ATFP), its mechanisms, and its heterogeneous effects, this study provides strategies and suggestions for deepening rural financial system reform and promoting high-quality agricultural development. Design/methodology/approach This study constructed a panel dataset for 1,363 counties in China from 2000 to 2021, utilised the Malmquist index based on the DEA model to measure agricultural total factor productivity in Chinese counties, and empirically investigated the impact of the development of NRFIs on ATFP using a two-way fixed effects model. To address potential endogeneity concerns, instrumental variables were selected and a two-stage least squares regression was employed. Findings The development of NRFIs can improve ATFP. From the decomposition of ATFP, the development of NRFIs has a significant positive impact on agricultural technological progress and technical efficiency. The development of NRFIs has different impacts on ATFP depending on institution type, economic region and natural conditions. Mechanism tests indicated that NRFI development primarily enhanced ATFP by promoting agricultural technological innovation, facilitating the adoption of agricultural technologies and accelerating land-scale management. Social implications ATFP improvement is the core driving force behind the development of modern agriculture, and the advancement of rural finance plays a significant role in enhancing ATFP. Most developing countries face insufficient competition in rural financial markets and constraints on rural credit. The findings indicated that developing countries need to deepen their rural financial system reform, relax entry barriers to rural financial markets and encourage the development of various types of rural financial institutions. Equally important are necessary regulations and support for NRFIs to enter rural financial markets. Originality/value There is a lack of nationwide quantitative assessments of whether the rural financial incremental reform represented by NRFIs has achieved the goal of supporting agriculture. This study estimated the impact of NRFI development on ATFP by examining the potential mechanisms and heterogeneous effects. It tested the applicability of the theory of imperfect competition in rural finance markets in the Chinese context, thereby enriching the literature. Furthermore, this study provides valuable insights for developing countries to deepen their rural financial reforms and promote high-quality agricultural development.",,10.1108/caer-07-2024-0216,2,"School of Public Affairs, Institute for Common Prosperity and Development, Zhejiang University , ,; China Academy for Rural Development, School of Public Affairs, Zhejiang University , ,"
crossref,10.1002/moda.70010,Agricultural Credit‐Productivity Nexus: Additional Evidence From Nigeria,Fagbemi Fisayo; Nzeribe Geraldine Ejiaka; Oke Dorcas Funmilola,2025,Modern Agriculture,"ABSTRACT This study examines the relationship between agricultural credit and agricultural productivity in Nigeria over the period 1991 to 2023. With the use of Auto Regressive Distributed Lag (ARDL) and Pairwise Granger Causality Test, empirical results reveal that agricultural credit has a positive and significant impact on agricultural productivity. Based on the two agricultural credit indicators employed (agricultural credit guarantee scheme fund (ACGSF) and banks' loans to agriculture (BLOAN)), both long‐run and short‐run coefficients of AGSF are 0.21% and 1.16%, respectively. Results also show that BLOAN positively impacts agricultural productivity given the long‐run coefficient of 0.15% and 0.18% in the short run. As such, improved agricultural productivity is expected when there is a rise in the volume of credit/loans to agriculture, while a lower level of credit to agriculture could hamper it. Further evidence indicates that any change to ACGSF as well as BLOAN would possibly affect the level of agricultural productivity, as these indicators found to Granger cause agricultural productivity. However, agricultural productivity does not Granger cause agricultural credit, suggesting a unidirectional causality running from agricultural credit to agricultural productivity. It is therefore recommended that developing financial system and credit scheme that will give rise to improved access to credit by the participants in the agricultural sector, particularly smallholder farmers, is crucial.",,10.1002/moda.70010,2,Department of Economics Obafemi Awolowo University Ile–Ife Nigeria; Department of Economics Nnamdi Azikiwe University Awka Nigeria; Entrepreneurship Department School of Logistics and Innovation Technology Federal University of Technology Akure Nigeria
openalex,https://openalex.org/W4417185165,"Reviving Agricultural Finance via Islamic Contracts: Promoting Risk Management, Economic Empowerment, and Social Justice",Mohamed Nafeel Mahboob; Fadillah Mansor; Azian Bin Madun,2025,Journal of Islamic Thought and Civilization,"Islamic finance provides a diverse range of contracts and concessions to address the financial needs of farmers. However, most Islamic financial institutions remain reluctant to fund agricultural projects despite having excess liquidity, primarily due to perceived financial risks, high uncertainty (Gharar), and limited risk-sharing mechanisms. As a result, many Muslim farmers struggle to access financing, confronting multiple challenges, such as high interest rates, stringent collateral requirements, and ethical or religious constraints. This paper examines the financial risks, uncertainties, and unique risks of selected Islamic agricultural finance contracts, namely Salam, Muzara’ah, and Musaqah. This study utilizes qualitative content analysis to examine the primary Islamic sources the holy Qur’an, Hadīth, classical jurisprudence, and Hadīth commentaries. Indicatively, to define agricultural financing contracts, this study analyzes their structural features, establishes their permissibility, and assesses the implications of Gharar in the agricultural field. The findings suggest that integrating Islamic financial instruments with social finance mechanisms, such as combining Salam contracts with Zakah funds or implementing Muzara’ah and Musaqah Sukūk, can enhance financial inclusion, stabilize farmers’ incomes, manage price volatility, and reduce wealth disparities. By promoting fair, risk-sharing financial models, these instruments enhance economic empowerment, social justice, and sustainable agricultural finance. Future research should pilot-test these contracts to refine their practical applications and offer innovative financial solutions for agricultural communities worldwide.",collateral; islam; agriculture; financial instrument; financial services; social justice; social studies of finance; geography of finance,10.32350/jitc.152.05,1,Academy of Sciences Malaysia; University of Malaya
openalex,https://openalex.org/W4210627306,Financial Technology (Fin-Tech): Revolutionizing the Indian Agrarian Sector,Akhilesh Sharma; Namrata Prakash; Vishal Sagar; Abhishek Chauhan; Mr Abhishek; Singh Chauhan; M Anshari; S Lim; M Anshari; Y Alas; T&Stella Durai; G; Ernst; T Gandy; R Hinson; R Lensink; A Mueller; Y Kim; Y Park; J Choi; D Mcauley; D Nga; J Siebert; N Ojha; Z &Ingilizian; B Rivza1; D Vasilevska; S Srivastav; A Gupta; V Garg; Vinaykandpal&Rajatmehrotra,2020,International Journal of Innovative Technology and Exploring Engineering,"Agriculture is the largest employer of India which constitutes 50% of its workforce and also a contributor to 17-18% in its GDP. Still, it is one of the most disorganized and disjointed sector.Somewhere this sector has not been given due attention and itcan be proven with the fact that the GDP contribution of this sector has fallen from 43% to 18% (1970- 2018).Though the Indian Government is digitally driving to provide financial inclusion to more than 145 million households that are not having access to banking services but still the farmers aremajorlyusing traditional credit for their basic and main two factors; Production &amp; Consumption (Distribution). The financial segment has an important role to make agriculture aprime contributorto the economic growth of the country and also in reducing poverty. A fast-evolving technological landscape is bringing up new potential to focus&amp;provide credit, risk-sharing, and to explore technology to enhance agricultural productivity. Our paper firstly examines agricultural finance in the Indian context and then discusses how financial technology (Fin-Tech) can drive new products in credit and risk markets in India. We evaluate the role of mobile banking, financial literacy, digital financial services, digital financial technology, and block-chain technology. The paper is concluded with a discussion of policy takeaways for Fin-Tech in agriculture to promote agricultural growth, enhance financial inclusion, and improve regional economic integration through agriculture.",financial inclusion; financial services; fintech; business; context archaeology; agriculture; poverty; productivity; agricultural economics; economics; economic growth; geography,10.35940/ijitee.l1001.10812s319,1,Graphic Era University
openalex,https://openalex.org/W4404019138,Bridging India's Financial Divide: The Power of Artificial Intelligence and Machine Learning,S. Das,2024,International Journal For Multidisciplinary Research,"Artificial Intelligence (AI) and Machine Learning (ML) are transforming India's financial sector, enhancing decision-making, risk assessment, and personalized services. They extend financial services to underserved populations through scalable solutions like digital lending and mobile banking, fostering financial inclusion and bridging urban-rural gaps. Notable progress has been made through initiatives like the Pradhan Mantri Jan Dhan Yojana (PMJDY), which opened over 53 crore accounts by August 2024. However, challenges such as low literacy rates, inadequate digital infrastructure, and a large informal economy persist. AI and ML address financial inclusion gaps by automating KYC processes and improving onboarding through facial recognition and identity verification. Initiatives like Aadhaar provide digital identities, enhancing access to banking. ML algorithms expand financial access by analyzing alternative data for credit scoring. Companies like Lenddo and Tala leverage ML for loans, and AI revolutionizes fraud detection by analyzing transaction data in real-time. AI integration with digital payment platforms like UPI has transformed India's financial ecosystem, processing over 15 billion transactions monthly by August 2024 (NPCI). AI-driven micro-lending platforms like Capital Float and Aye Finance address a $380 billion credit gap (BCG) by assessing creditworthiness using alternative data. AI-driven chatbots and financial products tailored to rural customers improve financial literacy and services. In agricultural finance, AI introduces lending models and enhances crop insurance through satellite data and weather patterns. Programs like PMFBY and companies like Skymet use AI for faster claims processing. AI-driven solutions in RegTech simplify compliance and improve fraud detection. Fintech collaborations and government initiatives like IndiaStack, Aadhaar, and DigiLocker promote financial inclusion. Overcoming barriers like infrastructure challenges, data privacy concerns, and AI bias is essential for leveraging AI to provide equitable financial services in India. The constructive interaction between AI and blockchain further enhances financial inclusion, creating a secure, transparent ecosystem that drives economic growth and social well-being.",bridging networking; artificial intelligence; computer science; computer security,10.36948/ijfmr.2024.v06i05.29801,1,
openalex,https://openalex.org/W3134911484,Importance of Agriculture Financing with Special Reference to India,Sunil K. Joshi,2020,unknown source,"Producing food items through farming and forestry is called agriculture. The existence of the entire human race is dependent on agriculture itself. The basic requirement of our life is fulfilled by the agriculture sector. In agriculture, the practice of growing crops or raising animals is described. India is an agricultural dominated country, and it is the foundation of our country's economy. In India agriculture is not just farming, but an art of living. The entire country depends on agriculture. The hunger of the people is eradicated only through agriculture. Despite being the main economic activity, productivity of production factors involved in agriculture is very low compared to developed nations. Economists have proved that agriculture and farmers are pioneers of economic development, who contribute immensely in its development. Such as by supplying wage goods to industrial workers, transferring surplus from agriculture to finance, for industrialization, using the product of industry as an investment for the agricultural sector, and transferring excess labour from agriculture to industrial jobs. It is very sad that the farmer who feeds the people is facing economic difficulty due to low productivity. Government of India, State governments, National Bank of Agriculture and Rural Development and other financial institutions continuously working to enhance the livelihood of farmers. Agricultural finance is a finance system related to the execution of works related to rural development and agriculture related activities which are known as a department dedicated to the financing of its supply, wholesale, distribution, processing and marketing. Despite many financial inclusion programs, about 44% of rural households take loans from informal sources. Additionally, the majority of the debt is taken over by affluent farmers and is used for consumption as opposed to productive purposes. This paper looks at different types of finances available, importance of Agriculture financing, various initiatives taken by the government and financial institutions to uplift the agriculture sector and various challenges facing by agriculture sector.",agriculture; livelihood; industrialisation; business; productivity; agricultural economics; sustainable agriculture innovation network; agricultural productivity; product mathematics; investment military; government linguistics; economic growth; economics; geography; market economy; political science,10.17762/ijma.v9i3.151,1,
openalex,https://openalex.org/W4311974291,Determinants of Financial Inclusion Information Disclosure of Islamic Rural Banks in Indonesia,Fuis Sukma Ayu; Dian Filianti,2022,Jurnal Ekonomi Syariah Teori dan Terapan,"ABSTRAK Tujuan dari penelitian ini untuk mengetahui pengaruh dari adanya ukuran bank, umur bank, aktivitas sosial, dan probabilitas terhadap pengungkapan informasi inklusi keuangan di sektor perbankan pada bank pembiayaan rakyat syariah di Indonesia baik secara parsial maupun simultan. Model yang digunakan dalam penelitian ini adalah analisis regresi data panel dengan metode kuantitaif, Aplikasi statistik yang digunakan program Eviews 12. Hasil Penelitian ini menggambarkan dalam parsial bahwa umur BPRS dan CRS memiliki pengaruh positif signifikan terhadap pengungkapan informasi inklusi keuangan, sedangkan dalan ukuran BPRS memiliki pengaruh negative signifikan, kemudian ROA berpengaruh negatif tidak signifikan terhadap pengungkapan informasi inklusi keuangan pada bank pembiayaan rakyat syariah di Indonesia. Namun, secara simultan ukuran BPRS, CRS, umur BPRS dan ROA memiliki pengaruh positif signifikan terhadap pengungkapan informasi inklusi keuangan pada bank pembiayaan rakyat syariah di Indonesia dalam periode 2016-2020. Adapun keterbatasan objek dalam penelitain hanya 32 dari 163 BPRS yang terdaftar di OJK. Penelitian ini diharapkan dapat menjadi evaluasi ataupun masukkan bagi regulator dan BPRS, jika pengungkapan informasi inklusi keuangan sebaiknya diterapkan secara transparan oleh seluruh BPRS, maka dapat meningkatkan reputasi dan kepercayaan dalan menggunakan layanan BPRS. Kata Kunci: ukuran bank, aktivitas sosial, umur bank, profitabilitas, pengungkapan informasi inklusi keuangan. ABSTRACT The purpose of this study was to determine the effect of the existence of bank size, bank age, social activity, and probability on the disclosure of financial inclusion information in the banking sector at Islamic Rural banks in Indonesia either partially or simultaneously. The model used in this study was panel data regression analysis with quantitative methods, statistical applications used by the author was the Eviews 12 program. The results of this study illustrate in partial terms that the age of IRB and CRS has a significant positive effect on disclosure of financial inclusion information, while the size of the IRB has a significant positive effect on the disclosure of financial inclusion information. significant negative, then ROA has no significant negative effect on the disclosure of financial inclusion information in Islamic Rural Banks in Indonesia. However, simultaneously the size of the IRB, CRS, the age of the IRB and ROA have a significant positive effect on the disclosure of financial inclusion information in Islamic Rural bank in Indonesia in the 2016-2020 period. As for the limitations of the object in the research, only 32 out of 163 IRB are registered with the Financial Service Authority. This research is expected to be an evaluation or input for regulators and IRB, if disclosure of financial inclusion information should be implemented transparently by all IRB, it can increase reputation and trust in using IRB services. Keywords: bank size, social activity, bank age, profitability, disclosure of financial inclusion information. REFERENCES Afrin, S., Haider, M.Z. &amp; Islam, M.S. (2017). Impact of financial inclusion on technical efficiency of paddy farmers in Bangladesh. Agricultural Finance Review, 77(4), 484-505. https://doi.org/10.1108/AFR-06-2016-0058 Ali, M.M., Devi, A., Furqani, H. &amp; Hamzah, H. (2020). Islamic financial inclusion determinants in Indonesia: an ANP approach. International Journal of Islamic and Middle Eastern Finance and Management, 13(4), 727-747. https://doi.org/10.1108/IMEFM-01-2019-0007 Alm El-Din, M.M., El-Awam, A.M., Ibrahim, F.M. &amp; Hassanein, A. (2022). Voluntary disclosure and complexity of reporting in Egypt: The roles of profitability and earnings management. Journal of Applied Accounting Research, 23(2), 480-508. https://doi.org/10.1108/JAAR-09-2020-0186. Amari, M. &amp; Anis, J. (2021). Exploring the impact of socio-demographic characteristics on financial inclusion: empirical evidence from Tunisia. International Journal of Social Economics, 48(9), 1331-1346. https://doi.org/10.1108/IJSE-08-2020-0527. Ascarya., Rahmawati, S., &amp; Tanjung, H. (2016). Design and determine holistic financial inclusion index for baitul maal wat tamwil design and determine holistic financial inclusion index for baitul maal wat tamwil. Conference: 2nd International Conference on IPAFEM. Yogyakarta Babajide, A. A., Adegboye, F. B., &amp; Omankhanlen, A. E. (2015). Financial Inclusion and Economic Growth in Nigeria. International Journal of Economics and Financial Issues, 5(3), 629–637. Bose, S., Saha, A., Khan, H. Z., &amp; Islam, S. (2017). Non-financial disclosure and market-based firm performance: The initiation of financial inclusion. Journal of Contemporary Accounting &amp; Economics, 13(3), 263–281. https://doi.org/10.1016/j.jcae.2017.09.006 Das, S. (2021). Pengungkapan informasi inklusi keuangan: Bukti empiris dari industri perbankan Bangladesh. Jurnal Global Bisnis, Ekonomi dan Manajemen, 11(1), 27-41. Fitriana, N. L., &amp; Prastiwi, A. (2014). Faktor-faktor yang mempengaruhi luas pengungkapan sukarela dalam annual report. Diponegoro Journal of Accounting, 642-651. Griselda, I. A., Murhadi, WR., &amp; Utami, M. (2020). Pengaruh tanggung jawab sosial perusahaan terhadap kinerja perusahaan sektor pertambangan yang tercatat di Bursa Efek Indonesia &amp; Malaysia 2014-2018. Jurnal Kewirausahaan &amp; Bisnis, 1(1), 21-30. Haldar, P. K., Rahman, S. M. M., Mia, S., Ahmed, F., &amp; Bashawir, A. (2016). Assessing the role of corporate social responsibility practices of commercial banks in enhancing financial inclusion: A study on banking sector in Bangladesh. International Journal of Economics and Financial Issues, 6(4), 1778–1783. Hossain, M., &amp; Hammami, H. (2009). Advances in accounting, incorporating advances in international accounting voluntary disclosure in the annual reports of an emerging country: The case of Qatar. International Journal of Cardiology, 25(2), 255–265. https://doi.org/10.1016/j.adiac.2009.08.002 Jaya, I. G. N. M., &amp; Sunengsih, N. (2009). Kajian analisis regresi dengan data panel. Prosiding Seminar Nasional Penelitian. Universitas Negeri Yogyakarta. Nur, M., &amp; Priantinah, D. (2012). Analisis faktor-faktor yang mempengaruhi pengungkapan corporate social responsibility di Indonesia (Studi empiris pada perusahaan berkategori high profile yang listing di Bursa Efek Indonesia). Nominal: Barometer Riset Akuntansi dan Manajemen, 1(2), 22-34. https://doi.org/10.21831/nominal.v1i2.996 Otoritas Jasa Keuangan. (2016). POJK Nomor 76/POJK.07/2016 tentang Peningkatan Literasi dan Inklusi Keuangan di Sektor Jasa Keuangan Bagi Konsumen dan/atau masyarakat. Rahmawati. (2020). Financial inclusion disclosure in Islamic microfinance: The case of baitul mal wa tamwil. In Enhancing Financial Inclusion through Islamic Finance, Volume 2 (pp. 137-160). Palgrave Macmillan. Ramzan, M., Amin, M., &amp; Abbas, M. (2021). How does corporate social responsibility affect financial performance, financial stability, and financial inclusion in the banking sector? Evidence from Pakistan. Research in International Business and Finance, 55(August 2020). https://doi.org/10.1016/j.ribaf.2020.101314 Scaltrito, D. (2016). Voluntary disclosure in Italy: Firm-specific determinants an empirical analysis of Italian listed companies. EuroMed Journal of Business, 11(2), 272–303. https://doi.org/10.1108/EMJB-07-2015-0032 Sembiring, E. R. (2012). Pengaruh profitabilitas, leverage, struktur kepemilikan dan status perusahaan terhadap pengungkapan laporan keuangan pada perusahaan manufaktur di Indonesia. Diponegoro Journal of Accounting, 1(1), 238–247. Ullah, M.H. and Rahman, M.A. (2015), Corporate social responsibility reporting practices in banking companies in Bangladesh: Impact of regulatory change. Journal of Financial Reporting and Accounting, 13(2), 200-225. https://doi.org/10.1108/JFRA-05-2013-0038 Vo, D.H., Tran, N.P., Hoang, H.T.-T. and Van, L.T.-H. (2022), Do corporate social responsibility and bank performance matter for financial inclusion in Vietnam?, Journal of Asia Business Studies, 16(4), 639-651. https://doi.org/10.1108/JABS-11-2020-0462",financial inclusion; islam; business; inclusion mineral; financial system; accounting; financial services; geography; psychology,10.20473/vol9iss20226pp923-935,1,Airlangga University
openalex,https://openalex.org/W2266983817,"An Economic Assessment of the Factors Influencing Smallholder Farmers' Access to Formal Credit: A Case Study of Rwamagana District, Rwanda","Wivine Muhongayire; Muhongayire, Wivine",2012,unknown source,"Farm credit enhances productivity and promotes standard of living by breaking vicious cycle of poverty of small scale farmers. It is usually considered as an essential input to increase agricultural productivity. Agricultural credit is indeed an integral part of the process of modernization of agriculture and commercialization of the rural economy. Credit is a necessary input if agriculture intensification and agricultural growth is to be achieved. Despite financial institutions having been established to offer agricultural credit in Rwanda, access to credit in many rural households in Rwanda remains limited. This study assesses the factors influencing smallholder farmers’ access to credit in Rwamagana District, Rwanda. The study sought to establish the relationship between formal and informal credit use and to assess the factors that influence smallholder farmers’ access to formal credit. It was hypothesized that informal credit participation is negatively associated with formal credit use and that access to credit is not determined mostly by household socio- economic and institutional factors such as land, agricultural extension service, gender. Both primary and secondary data were used in the analysis. Multi stage sampling technique was used. A sample of 185 smallholder farmers stratified by access to formal credit was drawn. The data for the survey was collected in the month of May, 2011. Both t-test and Chi-square test statistics were used to compare users (33 percent) and non users of formal credit (67 percent) with respect to the explanatory variables hypothesized to influence access to formal credit. Binary Logit is applied in assessing the factors influencing smallholder farmers’ access to formal credit.",business; agriculture; agricultural extension; poverty; economic growth; economics; geography,10.22004/ag.econ.198522,1,
openalex,https://openalex.org/W4415155261,"Introduction of Palm GreenChain, a blockchain-based framework for enhanced traceability, transparency and accountable green bond financing in Malaysia",Kenny Tee; Ghulame Rubbaniy,2025,Discover Sustainability,"This study employs a theoretical, system design–based methodology to propose the Palm GreenChain framework—a blockchain-based platform aimed at enhancing traceability, transparency, financial coverage, and accountability in green bond financing for sustainable palm oil production in Malaysia. The methodology integrates Ethereum-compatible smart contracts, ESG oracles, IPFS-based data storage, and DAO (Decentralized Autonomous Organization) governance to structure a digital green bond lifecycle. Rather than relying on empirical data collection, the framework is conceptualized through the development of a multi-layered blockchain architecture and validated via comparative analysis with analogous blockchain applications in agriculture. The proposed system is designed to enable real-time traceability of green bond disbursements, automate ESG compliance verification using satellite and IoT data, and strengthen accountability and access to climate finance for smallholder farmers. By embedding performance-based returns within smart contracts, the model aligns financial incentives with conservation goals. Leveraging Malaysia’s advanced land administration infrastructure and digital capabilities, the framework presents a scalable, open-source solution to reduce greenwashing, expand financial inclusion in underserved agricultural communities, and enhance transparency and investor confidence in sustainable agricultural finance. By directly linking green finance to verifiable sustainability outcomes, Palm GreenChain addresses key limitations in conventional green bond mechanisms. Its applicability across diverse agricultural sectors positions it as a replicable blueprint for broader sustainable development. The framework is openly available via its GitHub repository.",transparency behavior; accountability; sustainability; blueprint; corporate governance; greenwashing; sustainable development,10.1007/s43621-025-01970-8,1,James Cook University Singapore; University of the West of England
openalex,https://openalex.org/W1238025167,"The Role of Smallholder Farmer Group in Delivery of Agricultural Services for Improved Livelihoods in Murang' a District, Kenya",Stanley Ndegwa Mwangi,2015,unknown source,"Since the 1990s, there has been liberalization affecting the delivery of agricultural services in many sub-Saharan African countries. The introduction of a free market in Kenya has led to the collapse of the cooperatives that had monopoly on agricultural produce marketing and input supply subsidized by the Government. On the other hand, the private sector, which is in its nascent stage, often find it uneconomical to provide most agricultural services to the smallholder farmers particularly, due to poor infrastructure in many rural areas. Thus, in many instances widespread gaps have been created in agricultural service provision which adversely affects smallholder agricultural productivity. As adaptive strategies smallholder farmers in several developing countries have organized themselves as groups in attempt to improve their access to agricultural services. Studies on cooperatives and women groups with the latter often focusing on socio-cultural objectives particularly, on home economics and merry-go rounds are also common. However, little focus has been on the grassroots local initiatives' role in smallholder agricultural development. Therefore, the purpose of this study was to evaluate the role played by farmer groups in enhancing smallholder farmers' access to agricultural services in Kahuro Division, Murang'a District, Kenya. Stratified random sampling (using four locations) was used to obtain the study sample of 80 respondents. Researcher-administered questionnaires were used to collect the primary data for this study. Secondary data was also used. Data analysis for this study was done using Statistical Package for Social Sciences (SPSS) and Microsoft Excel computer software. The study revealed that up to 75% and 50% of respondents indicated that the main driving force behind the formation of the farmer groups was their desire for increased incomes; and increased food production respectively. Clear objectives are prerequisite for effective functioning of groups. It was noted that members of the 8 farmer groups sampled engaged in diverse income-generating enterprises such as horticultural farming and dairy-goat keeping. On average, about 52% of members indicated that their access to three agricultural services namely; marketing, extension and financial services had improved after joining farmer groups. The above findings clearly indicate that farmer groups have enormous potential of enhancing smallholder farmers' access to agricultural services. Majority of the respondents (87%) identified the poor access to farm credit as the most critical challenge they were facing; followed by high cost of inputs (71%), low selling prices of farm produce (69%); and persistent drought (61%). To foster financial independence this study recommends that farmer groups should be formed around income-generating activities. The government, private sector plus NGOs should also support such grassroots efforts through capacity building that will go along way in improving management of farmer groups. Farmer groups can only flourish in an environment with proper climate for group development. Improved access to agricultural coco';P'3 ~!:r()'_lgheffective farmer groups will lead to increased agricultural productivity nludl Jirc:ctly enhances food security and improved livelihoods",agriculture; business; livelihood; stratified sampling; agricultural productivity; government linguistics; subsidy; grassroots; focus group; service business; economic growth; agricultural economics; geography; marketing; economics; political science,,1,
openalex,https://openalex.org/W4367146116,Inclusive finance and agricultural development in Africa,Calum G. Turvey; Apurba Shee,2023,Edward Elgar Publishing eBooks,"This chapter provides an overview of agricultural credit and financial inclusion in Africa, but with limited focus. The reality is that each country has unique financial structures and programs with varying degrees of access and usage. There is significant variability between West and East Africa, and Northern and Southern Africa. This is evidenced by the heterogeneity in the common elements such as deposits, credit, mobile use or insurance discussed herein. Financial inclusion in Continental Africa has mixed impacts depending on country and region. A significant number of micro-studies across Africa concludes that there is a relationship between agricultural credit and agricultural productivity, and with respect to insurance outcomes look promising except, perhaps, for the very poor. The very poor need specifically targeted policies that could include subsidies.",financial inclusion; subsidy; agriculture; productivity; business; financial services; access to finance; crop insurance; development economics; agricultural economics; geography; economic growth; economics; market economy,10.4337/9781789903874.00028,1,
openalex,https://openalex.org/W2036161514,Energy and Water Programs within the United States Department of Agriculture,Ron Abramovich; Michael Ströbel,2009,Journal of Contemporary Water Research & Education,"The United States Department of Agriculture (USDA) is one of the nation's oldest Federal departments. It employs more than 100,000 people whose work touches the lives of every American in various ways every day. It is one of the most complex departments in the Federal Government, with more than 300 programs that spend more than $75 billion each year to help lead and manage a variety of food, agriculture, natural resources, and related programs. The USDA goals and objectives, and the implementation of its programs, are sound public policy based on the best available science. USDA works with individuals, agricultural and natural resources organizations, and units of government throughout the U.S., and in many other countries throughout the world, to enhance economic opportunities for agricultural producers and rural communities, to protect the nation's food supply, to improve nutrition and health, and to protect the nation's natural resources and environment. Energy and water programs are critical components of the USDA. Agriculture in the U.S. is both a major consumer and producer of energy, with crops, forests and livestock requiring energy use for all aspects of production in the field, transport and processing, and conversely, the use of biofuels as a growing source of energy throughout the country. Irrigation is the largest user of freshwater in the U.S. and accounts for about 65 percent of total water withdrawals, excluding water used for thermoelectric power (Schaible 2004). Irrigation is critical in the U.S. as nearly half the value of all crops sold comes from the 16 percent of harvested cropland that is irrigated (Schaible 2004). Because energy and water are so critical for agriculture, the USDA strives to meet emerging issues by supporting the development and use of new technology for increased energy production and energy conservation, and by providing water supply information along with technical and financial assistance to improve the management decisions affecting both water quantity and quality. This paper provides a brief overview of the many energy and water programs managed in the USDA. The USDA was established on May 15, 1862 when President Abraham Lincoln signed the Department of Agriculture Organic Act into law. In addition to establishing this department, 1862 also saw the Homestead Act approved; the Act opened new lands for settlement and provided 160 acres of public lands to heads of families and adults. Also important was the Morrill Land Grant College Act, which donated public lands for colleges focused on agriculture and mechanical arts. The fact that this legislation passed highlights the importance which President Lincoln and Congress placed on agriculture and its place in the American society, the economy, and the future. The USDA was elevated to cabinet status in 1889. USDA develops and executes policy dealing with various aspects of farming, agricultural programs and activities, and food production, distribution, and safety. In addition, the department oversees research, assistance to rural communities, conservation and protection of natural resources, and global trade. Most funding in USDA is authorized through legislation known as the Farm Bill, which is renewed by Congress every five years, and covers the approximately 300 USDA programs. The 15 major titles of the 2008 Farm Bill, entitled the Food, Conservation, and Energy Act of 2008, were enacted into law in June 2008. Included are the administrative and funding authorities for programs that cover income and commodity price support, farm credit, and risk management; conservation through land retirement, stewardship of land and water resources, and farmland protection; food assistance and agricultural development efforts abroad and promotion of international access to American farm products; food stamps, domestic food distribution, and nutrition initiatives; rural community and economic development initiatives, including regional development, housing, business support, renewable energy and energy efficiency, electrification, water and waste facilities, and access to telecommunications and broadband technology; research on critical areas of the agricultural and food sector; accessibility and sustainability of forests; encouraging production and use of agricultural and rural renewable energy sources; and initiatives for attracting and retaining beginning and socially disadvantaged farmers and ranchers (USDA Farm Policy Team 2008). Within the 2008 Farm Bill, there are a number of Renewable Energy provisions. These include provisions for a Biobased Market Program, Biorefinery Assistance Program, Repowering Assistance, Bioenergy Program for Advanced Biofuels, Biodiesel Fuel Education Program, Rural Energy for America Program, Biomass Research and Development Initiative, Rural Energy Self-Sufficient Initiative, Feedstock Flexibility Program for Bioenergy Producers, Biomass Crop Assistance Program, Forest Biomass for Energy, and Community Wood Energy Program. These programs illustrate how USDA supports the development of innovative and renewable energy production and use in the U.S. Within USDA there are 17 different agencies that focus on specific missions for supporting agricultural activities. The main focus of these agencies were obtained from their website and are listed in the references, below, along with the Internet link for users to access more information about the numerous and different functions of the agencies. The Agricultural Marketing Service is responsible for developing quality grade standards for agricultural commodities, administering marketing regulatory programs, marketing agreements and orders, and making food purchases for USDA food assistance programs (United States Department of Agriculture 2009a). The Agricultural Research Service is USDA's chief scientific research agency. Its job is finding solutions to agricultural problems that affect Americans every day, from field to table. The Service is a leader in bioenergy research and the national program on Bioenergy and Energy Alternatives is expected to reduce the nation's dependence on foreign oil, improve the environment by developing alternative energy sources, and increase production of biofuels (United States Department of Agriculture 2009b). “Protecting American agriculture” is the basic charge of USDA's Animal and Plant Health Inspection Service that provides leadership in ensuring the health and care of animals and plants. The agency improves agricultural productivity and competitiveness and contributes to the national economy and the public health (United States Department of Agriculture 2009c). The USDA Center for Nutrition Policy and Promotion works to improve the health and well-being of Americans by developing and promoting dietary guidance that links scientific research to the nutrition needs of consumers (United States Department of Agriculture 2009d). The Cooperative State Research, Education, and Extension Service (CSREES) provides federal funding and leadership for research, education and extension programs. This investment in science helps solve critical issues impacting people's daily lives and the nation's future. With 60 identified program areas, CSREES collaborates with many partner organizations and institutions, namely the Land-Grant University System, to advance knowledge for agriculture, the environment, human health and well-being, and communities (United States Department of Agriculture 2009e). The Economic Research Service is a primary source of economic information and research in the USDA. ERS conducts research programs to inform public and private decision making on economic and policy issues involving food, farming, natural resources, and rural development (United States Department of Agriculture 2009f). The Farm Service Agency (FSA) administers and manages farm commodity, credit, conservation, disaster and loan programs as laid out by Congress through a network of Federal, state and county offices. These programs are designed to improve the economic stability of the agricultural industry and to help farmers adjust production to meet demand. Economically, the desired result of these programs is a steady price range for agricultural commodities for both farmers and consumers (United States Department of Agriculture 2009g). The Food and Nutrition Service (FNS) administers the food and nutrition assistance programs. FNS provides children and needy families with better access to food and a more healthful diet through its programs and nutrition education efforts (United States Department of Agriculture 2009h). The Food Safety and Inspection Service (FSIS) is the public health agency in USDA responsible for ensuring that the nation's commercial supply of meat, poultry, and egg products is safe, wholesome, and correctly labeled and packaged, as required by the Federal Meat Inspection Act, the Poultry Products Inspection Act, and the Egg Products Inspection Act (United States Department of Agriculture 2009i). The Foreign Agricultural Service works to improve foreign market access for U.S. products, build new markets, improve the competitive position of U.S. agriculture in the global marketplace, and provide food aid and technical assistance to foreign countries (United States Department of Agriculture 2009j). The Forest Service administers programs for applying sound conservation and utilization practices to natural resources of the national forests and national grasslands, for promoting these practices on all forest lands through cooperation with states and private landowners, and for carrying out extensive forest and range research (United States Department of Agriculture 2009k). The Grain Inspection, Packers and Stockyards Administration facilitates the marketing of livestock, poultry, meat, cereals, oilseeds, and related agricultural products and promotes fair and competitive trading practices for the overall benefit of consumers and American agriculture (United States Department of Agriculture 2009l). USDA's National Agricultural Statistics Service provides timely, accurate, and useful statistics in service to U.S. agriculture. It conducts hundreds of surveys every year and prepares reports covering virtually every aspect of U.S. agriculture. Production and supplies of food and fiber, prices paid and received by farmers, farm labor and wages, farm finances, chemical use, and changes in the demographics of U.S. producers are only a few examples (United States Department of Agriculture 2009m). Since 1935, the Natural Resources Conservation Service (originally called the Soil Conservation Service, SCS) has provided leadership in a partnership effort to help America's private land owners and managers conserve their soil, water, and other natural resources. The Service employees provide technical assistance based on sound science and suited to customers' specific needs. The Natural Resources Conservation Service oversees and coordinates the cooperative Snow Survey Program that provides the main source of mountainous climatic and snow data. This data is used to efficiently predict water supplies that are used by many water and energy managers in the U.S. to meet the numerous and often competing demands on this limited resource (United States Department of Agriculture 2009n). The Risk Management Agency promotes, supports, and regulates sound risk management solutions to preserve and strengthen the economic stability of America's agricultural producers by providing crop insurance to American producers, developing and the premium rate, administering premium and expense subsidy, approving and supporting products, and reinsuring companies (United States Department of Agriculture 2009o). USDA Rural Development's mission is to help individuals, communities, and businesses obtain the financial and technical assistance needed to increase economic opportunity and improve the quality of rural life. Through more than 40 programs, Rural Development works to make sure that rural citizens can participate fully in the global economy by funding needed infrastructure and development. Rural Development programs support the construction and modernization of essential public facilities and services such as water and sewer systems, housing, health clinics, emergency service facilities, response vehicles and electric and telecommunications service. It promotes economic development by guaranteeing loans to businesses through banks and community-managed lending pools, provides funds for micro-entrepreneurs, and funds renewable energy and energy efficiency projects. It also funds technical assistance programs to support formation of cooperatives and the establishment of small businesses (United States Department of Agriculture 2009p). Many USDA agencies deal with some aspect of energy and water research or have operational responsibilities. In fact, the Forest Service was established by the Transform Act of 1905 in order to protect the nation's water and timber resources. Today, the Forest Service manages the majority of the western watersheds where a large percent of the western water supply falls as snow, accumulates and melts providing the annual streamflow to meet numerous energy and water needs in the populated valleys. USDA energy programs and initiatives enable farmers, rural residents, and the nation to better respond to energy-related issues and opportunities. The range of activities include research and development, outreach and education, technical and financial assistance, energy efficient farming techniques, rural electrification and infrastructure loans, wind farms, ethanol plants, biorefinery support, funding for small hydroelectric projects, and biochemical and genomics research (United States Department of Agriculture 2009q). Some of the programs dealing with energy and water within specific agencies are listed in Table 1. Additional information is available at the USDA Energy web page along with a matrix to view various programs covered by the many agencies within USDA. Agriculture is a large user of electricity and water. The ability to conserve energy and water while producing food and fiber has broad impacts on the nation. For these reasons, USDA is heavily involved with energy use and with maintaining and enhancing the quality and quantity of water available for multiple uses. The wide variety of water and energy activities within the USDA are reflective of the broad mission of the Department. The 100,000 employees of USDA touch the lives of every American every day. Follow the agency's internet web pages to learn more about the work that the United States Department of Agriculture is accomplishing today to meet tomorrow's energy and water concerns. Ron Abramovich is the Water Supply Specialist for the Idaho Snow Survey Natural Resources Conservation Service, USDA-NRCS, in Boise, Idaho. Idaho NRCS oversees the coordination and collection of snow survey data and provides snowmelt streamflow water supply forecasts. Ron provides current information to numerous public and private users to keep them aware of Idaho's ever changing snowpack and water supply conditions. He can be contacted at Ron.Abramovich@id.usda.gov. Michael Strobel is the Director of the National Water and Climate Center (NWCC), USDA-NRCS, in Portland, Oregon. NWCC oversees the Snow Survey and Water Supply Forecasting Program that operates over 780 SNOTEL stations in the western US and provides water supply forecasts. NWCC also oversees the Soil Climate Analysis Network (SCAN) and a wide range of climate services for NRCS and its partners. He can be contacted at michael.strobel@por.usda.gov.",agriculture; energy signal processing; business; environmental resource management; geography; environmental science; archaeology; physics,10.1111/j.1936-704x.2009.00063.x,1,Natural Resources Conservation Service
openalex,https://openalex.org/W1486756265,"Impact of Credit on Agricultural Producitivity: A Case Study of Zarai Taraqiati Bank Ltd (ZTBL) Loans in District Kashmore at Kandh Kot, Sindh Pakistan",Sanaullah Noonari,2015,Journals & Books Hosting (International Knowledge Sharing Platform),"Agricultural sector is the largest contribution to Pakistan’s GDP. Agricultural credit plays an important role in enhancing the agricultural productivity in developing countries like Pakistan. The government of Pakistan introduced several agricultural credit loans through ZTBL and other commercial banks and institutional sources. This study estimated constrains faced by the farmers in acquisitioned source. This study also estimated the impact of credit on agricultural productivity. Data were collected randomly from 30 loanee farmers to three selected ZTBL branches and 30 non loanee farmers in the same villages. It found that the credit has a positive impact on the agricultural productivity and loanee farmers have more gross margins than non loanee farmers. Now the problem is to remove the constraints which small farmers are facing in this regard and then improve the utilization of the credit amount as planned at the time of disbursement in agriculture production process following findings were found. A major proportion i.e.40.8% of the farmers belonged to young age group (36-45 years). It was found that majority of the respondents had low level of education in the selected area. More than 51.7% of the respondents had 6-10 acres of the land holding. A huge majority 95% of the respondents had knowledge about the agricultural credit scheme of the ZTBL Bank. More than 56.75 of the loanees’ farmers avail credit facilities for the first time from the ZTBL bank. A large majority 63.3 of the farmers were not satisfied with the interest rate charged by the banks. It was found that a large number of farmers mutualized the credit amount. About 66.7% farmers got agricultural credit facility from bank without facing any problem. Result indicates that average cultivated area in case of loanee farmers is higher than non-loanee farmers. It was conclude that the loanee farmers had more cost of production as compare to non loanee farmers. Results of regression analysis indicate that credit had very normal impact on agricultural productivity as limiting factors is the proper utilization of loan mount in agricultural sector. The most common utilization of credit amount as construction, repair and renovation of the houses by the loanee farmers. NA NA NA Keywords: Banks, credit, agricultural productivity.",agriculture; disbursement; productivity; agricultural productivity; business; agricultural economics; government linguistics; agricultural science; economic growth; economics; geography,,1,
openalex,https://openalex.org/W4410368639,Factors affecting access to agricultural credit and the size of agricultural credit for smallholder farmers in Zimbabwe,Authur Masuka; Tanyaradzwa Rukasha; Simbarashe Tatsvarei,2025,African Journal of Commercial Studies,"Access to agricultural credit is essential for increasing the productivity and livelihoods of smallholder farmers in Zimbabwe. Nevertheless, persistent systemic challenges constrain access to and the amounts of loans available to the farmers. This study explores the key determinants of access to agricultural credit and loan amounts offered to farmers in Mashonaland East province. Using a double-hurdle model, the study analyzes the decision to apply for credit and determinants of loan amounts obtained. Findings indicate that farm size, age, membership in savings groups, and financial literacy are significant factors in credit access, while collateral requirements and perceived risk remain significant barriers. Larger farms and savings group membership were positively associated with loan sizes. The research highlights the need for inclusive credit policies, flexible collateral conditions, and digital financial services to bridge the financing gap. Overcoming these challenges is crucial in fostering financial inclusion and developing the agricultural sector in Zimbabwe.",agriculture; business; agricultural economics; economics; geography,10.59413/ajocs/v6.i3.6,1,Kyocera (United States); University of Zimbabwe
openalex,https://openalex.org/W4393305559,The Impact of Credit Policy Environment on Poultry Production in Nigeria,Sunday B. Akpan; Comfort Essien; Veronica S. Nkanta; Inimfon V. Patrick,2024,Muş Alparslan University Journal of Agriculture and Nature,"The research gave empirical data on the correlation between poultry production index and the credit policy environment in Nigeria. An autoregressive distributed lag (ARDL) bound test approach was employed to establish co-integration between series. The estimated long and short-run models parameters demonstrated stability, best quality, efficiency, and unbiased. The findings showed that in the long run, the commercial bank loan to the agricultural sector and domestic credit to the private sector had a significant positive influence on poultry production index while agricultural credit guarantee scheme loan to poultry subunit and lending interest rate exhibited negative relationships. In the short run, the current year coefficient of lending interest rate, the agricultural credit guarantee scheme loan to poultry subunit and domestic credit to the private sector had significant negative correlation with the poultry production index. However, the commercial bank credit to the agricultural sector showed positive effect on poultry production in the short run. The implication of the finding justifies the need to increase the commercial bank credit to the agricultural sector and domestic credit to private sector as a strategy to boost poultry production. Also, the agricultural credit guarantee scheme fund should be reassessed and modify to render it initial objectives. The lending rate should be deliberately lowered to increase credit access by the poultry farmers.",loan; production economics; distributed lag; business; agriculture; agricultural productivity; index typography; financial system; short run; error correction model; agricultural economics; economics; monetary economics; cointegration; econometrics; macroeconomics,10.59359/maujan.1402657,1,Akwa Ibom State University; University of Uyo
openalex,https://openalex.org/W4395111861,Impact of crop insurance and crop loans on agricultural growth in Haryana: A factor analysis approach,Chetna Dhull; Asha Asha,2024,THE SCIENTIFIC TEMPER,"This study aims to evaluate the impact of crop loans and crop insurance on the agricultural sector’s growth and development in Haryana, India. Through a quantitative analysis involving factor analysis, it investigates how these financial instruments influence agricultural productivity, sustainability, and farmers’ livelihoods. Data for the study was gathered through a structured questionnaire distributed to 846 farmers across various districts in Haryana. The survey included questions about the use and impact of crop loans and crop insurance and demographic information. Factor analysis was employed to identify and interpret the underlying factors influencing agricultural growth related to these financial mechanisms. The analysis revealed several key factors contributing to the agricultural sector’s growth in Haryana. These include the direct impacts of crop insurance and crop loans, governmental and economic influences, and the accessibility and awareness of these financial tools among farmers. The study found that crop loans and insurance significantly contribute to agricultural productivity and sustainability but also identified areas where improvements are needed, such as in policy implementation and farmer education. The research highlights the crucial role of crop loans and crop insurance in supporting agricultural growth in Haryana. However, it also points out the need for more tailored financial products and policies to better address the diverse needs of the farming community. The study provides valuable insights for policymakers, financial institutions, and agricultural stakeholders, suggesting a more integrated and farmer-centric approach in developing agricultural finance strategies.",crop insurance; crop; agriculture; agricultural economics; business; economics; agricultural science; agronomy; environmental science; geography; biology,10.58414/scientifictemper.2024.15.1.39,1,Baba Mastnath University
openalex,https://openalex.org/W4385491989,CENTRAL BANK INTERVENTION FUND AND AGRICULTURAL OUTPUT IN NIGERIA: AN ARDL APPROACH,Yimka S. A. Alalade; Tolulope R. Omosebi; Afolake M. Akinola; Olufemi C. Ademola,2023,Economics and Finance,"This paper examines the impact of central bank financial intervention funds on Nigeria's agricultural exports from 1990 to 2020 with the specific objective of determining the extent to which the funds are financed by the Agricultural Credit Guarantee Fund (ACGSF) in the agricultural sector concerned. Agricultural exports both short-term and long-term during the period were under review. The study uses annual time data obtained from the CBN and WDI database. The Auto-Regressive Distributed Lag (ARDL) technique and the ARDL Bound test were used to determine the short-term and long-term relationships of the variables. The results show that ACGSF shows a positive and significant relationship of agricultural export growth in the short run with coefficients of 0.23, 0.33 and 0.19, but a negative and insignificant relationship of agricultural export in the long run. The analysis also shows a positive and insignificance of employment in agriculture in relation to agricultural production in the short term, while negative and significant in the long term. The 68.3% of the change in the dependent variable, as revealed by the adjusted R2, is due to the combined effect of the independent variables. The study therefore seeks for greater and appropriate funding of the government scheme or monetary authority to have a positive impact on long-term agricultural exports in Nigeria and should ensure immediate repayment of loan(s) to the qualified farmer to avoid diversion, political influence and delay in poor implementation process due to bank deposits of money in the country.",distributed lag; agriculture; loan; economics; short run; variables; agricultural productivity; world development indicators; term time; intervention counseling; monetary economics; agricultural economics; developing country; econometrics; economic growth,10.51586/2754-6209.2023.11.2.35.54,1,Babcock University
openalex,https://openalex.org/W4280557850,"Analysis of women crop farmers' access and utilisation of agricultural credit in Yola South Local Government Area of Adamawa State, Nigeria",Ndzaruwa James Vandi; Shuaibu Iliyasu Mshelia; Amurtiya Michael; Bitrus Hassan Kwaji,2022,Journal of Agricultural and Allied Biotechnology (JAAB),"Accessing financial resources is critical for achieving improved productivity in the farming business. The objectives of the study were to describe women farmers’ socio-economic characteristics; identify agricultural credit sources, and examine how such funds were utilised by the participants. The multistage sampling technique was used to collect primary data from 148 women crop farmers in 12 communities in the study area using a semi-structured questionnaire. The study revealed that the majority of the respondents were relatively young (with an average age of 41 years) and most (59.1%) were married with an average household size of 7 persons. Similarly, the majority of the participants were small-scale farmers with an average farm size of 1.7 hectares, rely (64%) on informal credit sources and the credit accessed was expended on the purchase of farm inputs, while some portion was used to meet family needs. This study recommended, among others, that formal financial institutions should implement policies that will boost the capacities of informal sources (like cooperative societies and other associations) to access a large volume of credit that they can distribute to their members.",hectare; agriculture; multistage sampling; productivity; business; local government area; government linguistics; scale ratio; state computer science; economic growth; agricultural economics; socioeconomics; agricultural science; local government; economics; geography,10.52493/j.jaab.2022.1.21,1,Modibbo Adama University of Technology; Federal University of Agriculture
openalex,https://openalex.org/W2804763773,Essays on household demand and agricultural policy implications in developing countries,Aimable Nsabimana,2018,Epsilon Open Archive (Sveriges lantbruksuniversitet biblioteket (Swedish University of Agricultural Sciences)),"This thesis comprises four papers that contribute to the economic literature in the area of food demand and agricultural policy related issues. Paper I examines the main forces driving farmers’ decision to adopt modern agricultural inputs (MAI) in farming, and the effects on farm household welfare in Rwanda. Evidence from this study reveals that size of land endowment, access to farm credits and awareness of farm advisory services were the main driving factors behind MAI adoption. It was also found that adopting MAI significantly increased farm income, crop yield and household expenditure. This provides an indication that MAI adoption is the most consistent and potentially best pathway to reduce poverty among rural farmers. Paper II analyses the short and long-term effects of likely changes in rainfall on food crop prices in Rwanda. The results from this study identify that food crop prices are essentially vulnerable to rainfall shocks and that the effect is asymmetric in both the short and long-run. The analysis also revealed seasonal effects, with food prices falling significantly during the harvest season and rising thereafter. Further, the reliability of unit value (defined as expenditure by quantity) or community price (mostly gathered from local markets), both used to represent market prices when computing food demand elasticities, was investigated in Paper III using Tanzanian household data. A quadratic almost ideal demand system (QUAIDS) was created for nine food categories based on unit values and community prices. The results showed that expenditure elasticities from both prices appear to be almost similar. However, price elasticities from unit value and community prices displayed significant discrepancies. These findings suggest that, when opting to use these proxies for market prices, researchers should apply caution, particularly in accounting for quality variations and measurement errors in household reported prices and income. Finally, Paper IV presents the analysis of the food Engel curves and consumption patterns in Rwanda. The study results reveal that a large proportion of the average household food budget (more than 50%) is spent on cheap sources of calories (such as roots, tubers and cereals), resulting in unbalanced diets among members of Rwandan households. In particular, poor households, mostly in rural communities, appeared to spend almost nothing on protein food items (including meat). Overall, this thesis makes a series of novel contributions to the economic literature on food demand and agricultural policy for the under-explored continent of Africa. Improved understanding of rural and urban food consumption patterns can enable purposive and targeted food policies to be formulated.",economics; agricultural economics; food prices; almost ideal demand system; agriculture; unit ring theory; poverty; yield engineering; food security; geography; economic growth; demand management; macroeconomics,,1,
openalex,https://openalex.org/W4281252740,Assessing Adoption Levels and Constraints to Modernized Rice Varieties Adoption by Rice Producers in Northern Ghana,C. Y. Lamptey; S. B. Azumah; P. M. I. Maanikuu,2022,Journal of Agricultural Studies,"The consumption of rice has increased dramatically in Ghana over the years. To enhance productivity in order to meet the demand of the commodity, some high-performing rice varieties have been disseminated to smallholder farmers in northern Ghana through a plethora of development interventions. Nevertheless, productivity is still low at farm gate compared to experimental stations, largely due to smallholders’ poor adoption of enhanced varieties and other socio-economic factors. Using primary data collected from 404 farmers, the study uses descriptive statistics to examine the adoption levels as well as reasons and challenges for adopting modernized rice varieties by producers in northern Ghana. The empirical results revealed low adoption levels of modernized rice varieties in the region; with Jasmine topping the list of most adopted (41.10%) followed by Agra (37.13%) and Afife (20.30%). The five most important reasons for farmer-use of modernized rice varieties in the region were: ready market for rice, ability of rice to withstand pest and disease attacks, higher consumer-demand, and pieces of advice from extension officers as well as advice by researchers to cultivate. High cost of production arising from input and labor costs coupled with high cost of farm credit are identified as major constraints to modernized rice varieties adoption in the region, and should be considered in any policy reforms or response by the government to address food insecurity issues within the context of current expected global food crises and to meet the sustainable development goals 1 and 2. Non-governmental and farmer-based organizations, and other actors in the rice value chain should collaborate with the government of Ghana to minimize the constraints and optimize adoption levels of modernized rice varieties in northern Ghana, which is a food basket of the country.",context archaeology; productivity; business; commodity; government linguistics; food security; agricultural economics; production economics; descriptive statistics; agricultural science; agriculture; economics; economic growth; geography,10.5296/jas.v10i3.19884,1,University of Energy and Natural Resources
openalex,https://openalex.org/W4297982698,Integrated development of inclusive finance and green finance promotes rural revitalization,Luyu Pan,2022,Advances in Economics and Management Research,"In 2016, China put forward the topic of green finance and inclusive finance at the G20 Summit in Hangzhou. Since then, more and more scholars in China have paid attention to the possibility and influence of the integrated development of green finance and inclusive finance. In recent years, China has gradually established a domestic green financial market system through a series of measures such as issuing green financial standards, disclosure requirements and encouraging green financial product innovation. According to data from the National Statistical Bulletin, by the end of 2021, the loan balance of major rural financial institutions (rural credit cooperatives, rural cooperative banks, rural commercial banks) was 2.42496 trillion yuan, an increase of 2.6607 billion yuan compared with the beginning of the year. From the perspective of Liaoning Province, at the end of 2020, the balance of loans in domestic and foreign currencies of banking financial institutions in Liaoning was 520.94 billion yuan, an increase of 262.68-billion-yuan year-on-year, an increase of 5.3% year-on-year. The growth rate slowed down, with a decrease of 4.9 percentage points compared with the previous year. Firstly, we select a series of indicators and use entropy method to calculate the weight of each indicator. According to the analysis and processing of historical data, the quantization results of core explained variables, core explained variables and control variables are obtained. Descriptive statistics are made according to China Rural Statistical Yearbook and Peking University Digital China GSP Financial Index (2011-2020). Then, four spatial econometric models, namely spatial Dubbin model, spatial autoregression model, spatial correlation model and spatial error model, were applied to analyze the development relationship between digital inclusive finance and rural revitalization. Based on the evaluation system of rural revitalization, the development level of rural revitalization was obtained by combining the relevant data of 30 provinces in China from 2011 to 2021. Finally, the application of LR inspection, LM test to verify the reliability of the regression results, and considering the effect of partial differential decomposition method is used to the calculation results are decomposed, the weights in different space under the condition of digital Pratt &amp; Whitney directly influence to the time of rural financial revitalization policy and policy space spillover effects, further analysis Pratt &amp;Whitney financial relationship with the revitalization of the development of the rural.",china; yearbook; summit; index typography; loan; economics; business; descriptive statistics; financial system; geography,10.56028/aemr.2.1.193,1,Liaoning University of International Business and Economics
crossref,10.17582/journal.pjar/2025/38.3.20.31,"The Impact of Agricultural Credit on Farm Productivity, Employment, and Rural Development: Empirical Evidence from Jordan’s Agricultural Sector",Mohammad Anber Abraheem; Mohammad Suleiman Ibrahim; Al-Oraini Badrea; Vasudevan Asokan; Hunitie Mohammad Faleh Ahmmad; Ismael Bader,2025,Pakistan Journal of Agricultural Research,,,10.17582/journal.pjar/2025/38.3.20.31,1,
crossref,10.51767/joc1201,Fueling Agricultural Growth In Madhya Pradesh Through Formal Credit- A Way Towards Financial Inclusion,Rathi Meenakshi; Sharma Prof. Dr.vivek,2020,BSSS Journal of Commerce,"Financial inclusion is emerging as new paradigm of economic growth. In India 68.84% (census 2011) population lives in rural area out of which 25.70% people are poor and rural finance is a matter of credit concern in the economy. Madhya Pradesh has reported the best productivity growth in terms of Agriculture over past few years, and has improved its infrastructure. This kind of change in one sector – agriculture – is initiating growth in the entire economy of the state. Agriculture in Madhya Pradesh (MP) grew at 9.7 per cent per annum during the decade (2008-18). The last five years have been spectacular when agricultural growth rate stood at 18% per cent per annum. The study intend to examine the influence of access to credit on agricultural productivity in Madhya Pradesh, It is based on the secondary data compiled from several sources, has revealed that the formal credit to agriculture in real terms has increased during the past decade. The nature and availability of panel dataset constrained the study to examine the pooled data analysis for arriving at results. The analysis was carried out with the data of selected districts of Madhya Pradesh over the period 2008-2018. The findings of the study shows the evidence of long run relationship between agriculture production and agricultural credits provided to small and marginal farmers. The results revealed that total credit to agriculture has a positive and significant impact on the level of agriculture production in the region. The Study also examines nature of the relationship between formal agricultural credit and productivity of crops which ultimately led to an improvement in state GDP. One of the major findings was related to inadequacy of credit to small and marginal farmers. Therefore more innovative models are required to be formulated using Econometric Financial Models for making the credit availability and accessibility more convenient. Thus it can be concluded that formal agriculture credit is required for the inclusive growth of the economy of the state.",,10.51767/joc1201,1,"Govt. Model College, Harda; BU Bhopal"
crossref,10.18282/gfr.v6i1.3534,On the empirical nexus of agricultural credit facility scheme and agricultural output dynamics in Uganda,Nsamba Namuyomba Monica; Owuru Joel Ede,2024,Global Finance Review,"The role of the agricultural sector in economic growth cannot be overemphasized. Agriculture is basically one of the key sub-sectors that enhance economic growth in all economies of the world. Since no sector of the economy can grow without enough capital, agricultural credit is considered as imperative for improved agricultural output. To contribute to knowledge in this regard, this study examined the impact of agricultural credit fund (ACF) on agricultural output in Uganda using quarterly data from 2009 to 2021. By employing the Autoregressive Distributed Lag (ARDL) framework, the results revealed that ACF has no significant effect on agricultural output in Uganda in the short run, but it significantly has positive effect on the sector in the long run. We control for economic growth, proxied by gross domestic product (GDP), interest, inflation, and exchange rates and find that exiting level of GDP, spurred agricultural output, while the rate of interest and inflation retard agricultural productivity (output), especially in the long run in Uganda. We recommend that the government of Uganda needs to increase agricultural financing through the credit facility scheme for further productivity of the sector.",,10.18282/gfr.v6i1.3534,1,
crossref,10.21203/rs.3.rs-1802314/v1,"Access to Micro Finance Credit and its Impact on Farm Productivity of Rural Households: The Case of Machakel Woreda, Amhara Region, Ethiopia",Adamu Heruy,2022,unknown source,"Abstract Agriculture is the main livelihood of Ethiopians and it is characterized by its low productivity and traditional backward way of production. The main objective of this paper is to analyze access to microfinance credit and its impact on the farm productivity of rural households in Machakel woreda east Gojjam zone, Ethiopia. Multistage sampling technique was employed to select sample respondents from the total population. Quantitative type of data was collected from primary and secondary sources available. A structured questionnaire was used as the main instrument of primary data collection. Using a cross-sectional data related to the fiscal year 2019/20, standard Tobit model was utilized to analyze the determinants of credit access and endogenous switching regression model was employed to evaluate the impact of credit on farm productivity. The result in the Tobit model shows that the amount of credit is positively and significantly affected by enterprise ownership, bank account, age of the household head, educational status, output per hectare, and the value of house while family size found to affect it negatively and significantly. The result from endogenous switching regression analysis shows that, the treatment is endogenous to the outcome variable. Taking into account this endogeneity problem, the study estimates the treatment effect of credit on farm productivity. The estimated treatment effect result shows that output per-hectare of credit user households is 38.05 percent more than their non-user counterparts which implies that keeping other things remain constant credit can improve the productivity of households by 38.05percent in the study area. Finally, since credit is crucial for farm productivity, the study recommends the concerned bodies to arrange the way to access formal agricultural credit for rural households.",,10.21203/rs.3.rs-1802314/v1,1,Arbamicnh
crossref,10.2139/ssrn.3847207,Impact of Access to Agricultural Credit on the Productivity of Togolese Farmers,Agbeno Yao,2021,SSRN Electronic Journal,,,10.2139/ssrn.3847207,1,
crossref,10.52283/nswrca.ajbmr.20120212a01,MOBILIZATION OF DOMESTIC FINANCIAL RESOURCES FOR AGRICULTURAL PRODUCTIVITY IN NIGERIA,A.a Awe,2012,Australian Journal of Business and Management Research,"The paper examines the mobilization of domestic financial resources for agricultural productivity in Nigeria with a view to identify the contributions of the various sources of finance to agricultural productivity in Nigeria. To achieve this objective, the paper employed Vector Auto Regressive Model (VAR) to analyze time series data from (1980 – 2009). The paper identified the various instruments and strategies used by the government for mobilizing resources for the agricultural sector in Nigeria to include subsidy and agricultural credit policies that were financed through Nigerian Agricultural Credit Bank (NACB), credit facilities from Nigerian Bank for Commerce and Industries at the state level, credit through Commercial and Merchant Banks and provision of agricultural credit to the defunct Commodity Board by the Central Bank of Nigeria. The OLS (VAR) result revealed positive relationships between the variables and the variance decomposition measured the proportion of forecast error. The paper therefore recommend that the Federal government recurrent expenditure on agriculture should be reviewed upward for enhanced agricultural productivity and that both the Federal government and the Commercial Banks should mobilize more financial resources toward the agricultural sector to boost agricultural productivity which would guaranteed maximum agricultural productivity in Nigeria.",,10.52283/nswrca.ajbmr.20120212a01,1,
crossref,10.5958/2278-4853.2019.00239.8,Productivity growth assessment of primary agricultural credit societies in West Bengal,Sinha Abhijit; Bhattacharyya Amitabha,2019,Asian Journal of Multidimensional Research (AJMR),,,10.5958/2278-4853.2019.00239.8,1,
openalex,https://openalex.org/W4406105831,Determinants of Farm Credits Access by Cereal Farmers in the Ghanaian Economy,Nana Obuobi,2024,Agriculture Forestry and Fisheries,"Farm credit is one of the major boosters to agricultural productivity among cereal farmers. Cereals contribute immensely to the staple foods in Ghana. In view of this, higher productivity in cereal production addresses the food security issues in the country largely. Despite the impressive performance, yet Cereal farmers experience bottleneck issues in relation to farm credit. These further results in stifling cereal productivity in Ghana. This study seeks to underscore the importance of farm credit among cereal farmers in Ghana. The objective of this study is to identify the factors that influence cereal farmers’ access to farm credit in Ghana. The study employed the Ghana Living Standards Survey (GLSS7) of 8,520 households conducted in 2017 by the Ghana Statistical Services (GSS). The ordinary Probit regression was used to estimate the determinants of access to farm credits. The results revealed that farmers’ age, marital status (married), religion (Christian), education (tertiary), residence (rural) are all significant positive factors that influence cereal farmers access to farm credits. In view of this, the study recommends that financial institutions disburse credits to Cereal farmers in Ghana based on the education of farmers to the tertiary level. Having said this, it is imperative for many unemployed graduates to venture into cereal farming particularly in rural areas since they are likely to acquire farm credits unlike cereal farmers in peri-urban areas.",business; farm workers; agricultural economics; agricultural science; agriculture; economics; geography; environmental science,10.11648/j.aff.20241306.18,0,"University of Education, Winneba"
openalex,https://openalex.org/W4401427622,“Empowering Agricultural Finance: Exploring The Emergence Of Fintech Solutions In Rural Farming Communities”,Sonjuhi Succena; Shefali Dani,2024,unknown source,"This theoretical and conceptual paper delves into the emerging role of financial technology (fintech) in revolutionizing agricultural finance within rural farming communities. Fintech solutions are increasingly being adopted to address challenges such as limited access to traditional banking services, lack of credit facilities, and inefficient financial intermediation in rural areas. By leveraging digital platforms, mobile technology, and data analytics, fintech is transforming the landscape of agricultural finance, offering new opportunities for farmers to access credit, manage risk, and improve productivity. This paper provides a comprehensive overview of the key fintech solutions that are empowering agricultural finance in rural farming communities, highlighting their impact on financial inclusion, agricultural productivity, and sustainable development.",agriculture; business; agricultural economics; economics; geography,10.53555/kuey.v30i1.7148,0,
openalex,https://openalex.org/W4407330762,"Adopting Blockchain Technology for Agricultural Financing: A Statistical Analysis of Adoption Barriers, Awareness Levels, and Benefits Among Agricultural Stakeholders",Diego Bitencourt De David,2025,INTERANTIONAL JOURNAL OF SCIENTIFIC RESEARCH IN ENGINEERING AND MANAGEMENT,"Blockchain technology is transforming agricultural finance by bringing efficiency, traceability, and transparency. The use of blockchain technology by agricultural stakeholders is examined in this study, which focusses on a sample of 100 respondents that includes technology providers, financial institutions, and farmers. The study examines perceived benefits, adoption hurdles, and awareness levels using statistical tools such regression models, chi-square tests, and descriptive analysis in SPSS. Although the results show a low level of awareness (40%) and notable obstacles including high costs and a lack of technical skills, early adopters claim better supply chain efficiency and credit availability. The study offers practical suggestions to improve blockchain adoption and makes recommendations for future lines of inquiry. Keywords: Blockchain, agricultural financing, adoption barriers, financial inclusion",blockchain; agriculture; business; agricultural economics; economics; computer science; geography; computer security,10.55041/ijsrem41493,0,
openalex,https://openalex.org/W4402096531,An overview of agricultural finance in India: A case study in Bihar state,Sudhir Kumar Sah,2024,International Journal of Financial Management and Economics,"The paper starts with an analysis of the current state of agriculture finance in Bihar in terms of availability of credit facilities, government schemes, and institutional support. This study also examines the performance of microfinance institutions, cooperative banks, and traditional moneylenders in rendering sufficient financial services to farmers. Bihar, basically being a rural state, has got peculiar problems of agricultural development arising from historical neglect, inadequate infrastructure, and socio-economic disparities. In doing so, a mixed-methods approach will be adopted that combines the quantitative analysis of financial data with qualitative insights elicited from the stakeholders. In particular, it addresses the problems related to access and affordability of credit, mainly for small and marginal farmers, who comprise the majority in the agricultural workforce of Bihar. It showcases successful interventions and best practices which improved the financial access and livelihood outcomes of farmers in Bihar. It advocates for targeted policy interventions that take into consideration improvements in financial inclusion, access to credit, and best practices in sustainable farming. the impact of agricultural finance on some key socio-economic indicators: income levels, productivity, generation of employment, and livelihoods of the rural poor. this research underscores the critical role of agricultural finance in fostering rural development and economic growth for Bihar.",agriculture; state computer science; business; agricultural economics; geography; economics; computer science; archaeology,10.33545/26179210.2024.v7.i2.352,0,
openalex,https://openalex.org/W3127245289,Economic Analysis of Agricultural Credit on Production Efficiency of Borrower Farms,S. Padma Rani,2020,Journal of Applied Life Sciences International,"Credit is one of the most crucial but scarce inputs used in agriculture. Farm credit is an important instrument, which has been used to increase agricultural productivity. The main focus of this research is to examine the role of agricultural credits, production and efficiency of farms in Erode District of Tamil Nadu. Kavunthapadi and Modakurichi block of Erode district was selected. A complete enumeration of farm households which borrowed institutional crop loan in each of the sample villages was made. The survey was conducted among 60 borrowers and 45 non-borrowers farm households. In the present study, the efficiency of farms among borrower and non-borrower sample households was determined by the Stochastic Frontier production function of the Cobb- Douglas type had been used. And Tobit analysis was also done to know the effect of credit on farm efficiency. The efficiency scores obtained from first stage Stochastic Frontier Approach for borrower and non-borrower farms were used as dependent variable and a dummy variable to represent credit (X5i) were used as one of the independent variables in addition to other socio economic independent variables. Results of the model revealed that the number of borrower farms with a technical efficiency of more than 90 per cent were more (57 per cent of the total borrower farms) than that of non- borrower farms (33.3 per cent) which implies that the more percentage of farmers availed credit and adopted technology had higher technical efficiency level (90 per cent). The results also indicated that technical efficiency ranged from 0.41 to 0.99 for non borrowers and from 0.62 to 0.98 for borrowers. The results of Tobit regression analysis indicated that net operational area, farm experience, access to farm credit, had positive and significant relationship with the technical efficiency of the farmer.",agricultural science; production economics; tobit model; agricultural economics; loan; agriculture; productivity; sample material; economics; variables; business; mathematics; econometrics; statistics; economic growth; geography; microeconomics,10.9734/jalsi/2020/v23i1230211,0,Tamil Nadu Agricultural University
openalex,https://openalex.org/W4408253811,Exploring &amp; implementing an indigenous financial model for sustainable banking in rural areas of Kerala,Siji V. Nambiar; V.a. Kamath; Sonali Patil,2025,unknown source,"The research aims to develop a sustainable banking model for rural Kerala, India, rooted in indigenous cultural values and community engagement. Through an exploration of local traditions and practices, the study seeks to integrate these elements into a financial framework tailored to address the unique challenges faced by rural communities. Community-centric banking strategies form a key focus, involving needs assessments to tailor financial services to rural needs. The model aims to enhance financial inclusion, overcoming barriers such as literacy and digital access, while promoting environmentally friendly approaches in sectors like agriculture. Digital innovations are emphasized to expand banking services, bridging the digital divide and ensuring accessibility. A risk management framework tailored to agricultural finance is developed, aligning with national regulations while catering to the indigenous model’s characteristics. Overall, this research provides insights for sustainable development and economic growth in rural Kerala within a concise framework.",financial inclusion; indigenous; business; financial services; financial literacy; agriculture; sustainable agriculture; sustainability; economic growth; inclusive growth; sustainable development; environmental planning; poverty; geography; political science; economics,10.4324/9781003616306-14,0,
openalex,https://openalex.org/W4225363011,Role and Trend of Agricultural Finance Institutions in the Inclusive Growth of Farmers in Rural India,Ujwala Kambali; Niyaz,2022,Zenodo (CERN European Organization for Nuclear Research),"Purpose: The study is to evaluate the development of agricultural credit in India, exploration of the agricultural development and also to examine the various policies implemented by the Government of India. The paper emphasizes on the development in agriculture finances, new methods, techniques and technologies with a focus on how they lead to improved agricultural growth and greater financial inclusion. Design/Methodology/Approach: The study is grounded on secondary data compiled from different journals, web sites and related information from newspapers, annual reports of NABARD and RBI. Findings: The study has discovered that, informal credit has decreased as a percentage of total debt, while institutional credit to agriculture has exaggerated over time as a result of institutional agencies volunteering into rural areas, nationalization of foremost commercial banks and the establishment of regional rural banks through Reserve Bank of India initiatives. Originality/Value: This study is unusual in that it attempts to trace the agricultural financial institution in India, as well as the numerous agricultural policies that have been enacted as a result of agricultural finance. Paper Type: Case Study",agriculture; inclusive growth; business; agricultural economics; micro finance; economic growth; agricultural development; development economics; economics; geography; microfinance; poverty,10.5281/zenodo.5814718,0,Mangalore University
openalex,https://openalex.org/W4414036644,Agricultural Loan Management by Mobile Banking: Opportunities and Challenges,Tanveer Ahmed Siddquee,2025,American Journal of Financial Technology and Innovation,"In Bangladesh, agriculture is not merely an economic activity, it is the backbone of rural life. Yet, traditional agricultural loan systems often leave farmers disadvantaged due to long processing times, excessive paperwork, and limited access to financial institutions. This study aims to evaluate the effectiveness of a digitized agricultural loan system powered by Mobile Financial Services (MFS) and electronic Know Your Customer (e-KYC) processes in overcoming these barriers. Using survey responses from 111 professionals engaged in agricultural loan management, the study compares traditional loan practices with a proposed automated model. The findings reveal that the digital system reduces loan approval time by an average of 62%, cuts operational costs by approximately 45%, and significantly improves accessibility and transparency. While the model promises transformative benefits, constraints such as inadequate rural internet infrastructure, low digital literacy among farmers, and the lack of digitized land and identity records pose challenges. Therefore, the study recommends coordinated efforts from policymakers, banks, telecom operators, and agricultural agencies to expand rural connectivity, simplify user interfaces, digitize essential documents, and provide digital training for farmers. By implementing these strategies, Bangladesh can modernize its agricultural finance ecosystem, promote financial inclusion, and enhance rural resilience.",loan; business; mobile banking; agriculture; financial system; marketing; geography,10.54536/ajfti.v3i1.5624,0,Bangladesh Bank
openalex,https://openalex.org/W2946115012,Farm Credit Demand and Supply in 1930s China,Calum G. Turvey; Hong Fu,2019,unknown source,,loan; interest rate; productivity; economics; supply and demand; labour economics; agricultural economics; monetary economics; microeconomics; macroeconomics,10.1007/978-3-030-12688-9_11,0,Cornell University; Shandong University of Finance and Economics
openalex,https://openalex.org/W4415134820,Impact of Financial Services on the Growth of Farmer Producer Organizations (FPOs) in South India,Santosh Santosh; Meghana Meghana,2025,INTERANTIONAL JOURNAL OF SCIENTIFIC RESEARCH IN ENGINEERING AND MANAGEMENT,"2. Abstract Farmer Producer Organizations (FPOs) play a vital role in strengthening the collective capacity of small and marginal farmers by enhancing access to credit, markets, and inputs. In South India, where farm holdings are highly fragmented, financial services remain central to the viability of these institutions. Despite policy support from NABARD, SFAC, and other agencies, challenges such as financial illiteracy, collateral constraints, documentation barriers, and high-cost borrowing often restrict FPO growth. Drawing on field-level insights and stakeholder interactions, this study highlights the dual realities of financial access: while some FPOs face debt stress and exclusion from formal credit, others have leveraged finance to establish collection centres, diversify activities, engage in bulk sales, and expand into new markets. By presenting both constraints and success cases, this paper examines how financial services shape FPO sustainability in South India and suggests directions for policy and institutional strengthening. Keywords: Farmer Producer Organizations (FPOs), Financial Services, Access to Credit, Rural Development, Collective Marketing, Agricultural Finance, Institutional Support, Financial Inclusion, Farmer Collectives",collateral; financial services; debt; agriculture; sustainability; financial inclusion; documentation; access to finance,10.55041/ijsrem52917,0,
openalex,https://openalex.org/W2212198046,Determinants of cost to client in accessing rural financial services : a case of Zambia's Chongwe District,Derick M Ndimbwa; Gerhard Coetzee; Johann F. Kirsten,2017,unknown source,"Providing affordable access to appropriate financial services for the low-income population has been an on-going challenge for most developing nations, Zambia included. On this premise, this paper seeks to empirically investigate and quantify costs to clients in accessing financial services in the rural areas of Zambia, based on cross-sectional primary data collected in the Chongwe district from 236 households, documentation and key informant interviews. This study used the Probit and Heckman selection models to analyse cost to the client factors affecting the likelihood of accessing financial services (credit) by rural households in Zambia. Results revealed that households’ costs incurred by clients in accessing financial services are not limited to financial costs such interest, fees, transport and savings, etc., but equally other hidden costs such regulatory and compliance costs, economic costs, psychological costs, and social and cultural costs. The study recommends that policy formulation in the areas of financial inclusion, rural and agricultural finance should be based on reducing cost-to-client attributes such as the regulatory and compliance costs, economic costs and psychological costs identified above. NA NA NA Keywords: NA costs to client, financial services, access to finance, Heckman two-stage model.",financial inclusion; business; financial services; probit model; population; rural area; actuarial science; economics; public economics,,0,
openalex,https://openalex.org/W4413355081,Assessment of the Impact of Zimbabwe’s Financial Sector Reforms on the Growth of the Agriculture Credit Market,Authur Masuka; Tanyaradzwa Rukasha; Simbarashe Tatsvarei,2025,International Journal of Research and Innovation in Social Science,"This study examines the impact of Zimbabwe’s financial sector reforms on the growth of the agricultural credit market, with a focus on smallholder farmers’ access to credit, loan sizes, and the choice of credit sources. Using data from 445 farmers in Mashonaland East, the study employs Propensity Score Matching, Multinomial Logit, and Ordered Logit models to estimate the causal effects of post-2009 reforms. Results show that exposure to reforms significantly increased access to credit and loan amounts, with training and financial literacy emerging as key enablers of formal credit use. Reform awareness and income levels were also positively associated with improved perceptions of financial access. The findings highlight that while financial reforms have expanded rural credit pathways, disparities persist across gender, education, and geography. The study recommends scaling up inclusive financial products, strengthening digital and financial literacy programs, and enhancing outreach through mobile and microfinance platforms. It concludes that financial sector reforms have positively influenced the agricultural credit market, though deeper institutional support and targeted delivery mechanisms are essential to ensure equitable and sustainable access. This research contributes to policy discourse on rural financial inclusion and offers actionable insights for enhancing agricultural finance in Zimbabwe’s evolving economic landscape.",agriculture; financial system; business; financial sector; economics; agricultural economics; economic policy; geography,10.47772/ijriss.2025.907000407,0,
openalex,https://openalex.org/W642521622,"Agriculture, rural banking and micro finance in India",Rais Ahmad,2012,unknown source,"Agricultural sector occupies a key position in the Indian economy. It provides employment to about 65 percent of the working population of India. It is but natural that the problems of farmers are addressed with a sense of urgency. Agriculture being a State subject, the bulk of public investment in agriculture takes place at the level of States and the Central Government supports the States as a catalyst. Being the backbone of the Indian economy, agriculture has all along been treated as a priority sector for the allocation of institutional credit. The low growth rate of agriculture in the past few years has further strengthened the channels of credit flow to this sector. Micro credit has emerged as a visible credit channel to the poor as their access to conventional credit channels is constrained by the requirement of collateral and high transaction cost. Micro finance is routed through self-help groups (SHGs). Over the years, SHG -- Bank Linkage Programme -- which includes commercial banks, regional rural banks and co-operative banks -- has emerged as the major micro finance programme in the country. This volume contains 12 well-researched papers, authored by experts in the field of agricultural finance, which provide an in-depth analysis of current state of agricultural/rural finance in India, emergence of micro finance, financial inclusion efforts and related matters.",agriculture; financial inclusion; business; collateral; government linguistics; population; access to finance; investment military; economics; financial services; geography,,0,
openalex,https://openalex.org/W4408836005,EVALUATING THE IMPACT OF MAHATMA JYOTIBA PHULE SHETKARI KARJ MUKTI YOJANA ON FARMERS' FINANCIAL STABILITY IN NAGPUR DISTRICT,Vigesh Rajkumar Tagade; Tushar V. Chaudhari,2024,ShodhKosh Journal of Visual and Performing Arts,"Kisan Karj Maaf Yojana is the one scheme most affected by the Maharashtra Election – Mahatma Jyotiba Phule Shetkari Karj Mukti Yojana, which is an important agricultural loan waiver scheme of the government, was introduced to alleviate the financial distress faced by the farmers of Maharashtra. Hence this study endeavours to examine the benefits of this scheme to the financial stability of the farmers in Nagpur District. It aims at analysing an overview of debt waiver effectiveness, farmers’ income levels, investment patterns, access to institutional credit of farmers post-waiver. To evaluate the perceptions of beneficiary farmers and financial institutions, a mixed-methods approach was adopted, involving quantitative surveys and qualitative interviews. Evidence suggest that although the initiative has granted temporary relief with fewer debts, the long-term viability and economic merits of this measure are debated and factors such as reduced credit availability, heightened reliance on continued government assistance, and a lack of financial education have been cited as hindrances to the program (Roccasalva, 2019). Overhauling the Loan Waiver Policies in India: The study suggests policy measures to strengthen financial inclusion, promote sustainable farming practices, and ensure better loan repayment mechanisms in order to enhance the effectiveness of loan waiver programmes. By providing analyses of the scheme’s aggregate impact, the research adds empirical evidence to the current debate on how agricultural finance and rural development initiatives can be most effectively implemented.",business,10.29121/shodhkosh.v5.imihest.2024.4640,0,Rashtrasant Tukadoji Maharaj Nagpur University
openalex,https://openalex.org/W4414863901,"DETERMINANTS OF AWARENESS, PARTICIPATION AND INTENSITY OF USAGE OF TRADE CREDIT AMONG RICE FARMERS IN NORTH-WESTERN NIGERIA",A.m. Bichi; Hussaini Yusuf Ibrahim; Emmanuel Ada Ojoko; Abdullahi Sani,2025,AFRICAN JOURNAL OF AGRICULTURE AND ALLIED SCIENCES,"Agricultural credit is pivotal for boosting crop production and improving rural livelihoods. However, many Nigerian farmers face challenges in accessing formal financial services, prompting a reliance on informal trade credit systems. This study investigates the determinants of awareness, participation, and intensity of trade credit usage among rice farmers in Jigawa and Kano States, Nigeria. Using a triple hurdle model and data from 216 rice farmers in Jigawa and 305 in Kano, findings show that 82.53% of farmers are aware of trade credit, and 65.14% participate in such arrangements with agro-input vendors. About 61.62% accessed trade credit ranging from ₦5,000 to ₦20,999, with the average amount being ₦23,074.53. Age and education significantly influence both awareness and participation (p&lt;0.05), while the intensity of usage is affected by farm size, previous experience with trade credit, financial inclusion, crop diversification, and value of rice sold (p&lt;0.05). Despite high awareness, a gap exists in active utilization, potentially due to risk aversion and limited credit amounts. The study recommends enhancing financial literacy, expanding rural financial services, and promoting contract farming to improve access and effective use of trade credit. This research deepens understanding of informal credit systems in agriculture and offers policy insights for sustainable agricultural finance.",agriculture; production economics; contract farming; trade credit; agricultural productivity; credit history; financial services; crop production,10.70118/ajaas.0202505030.02,0,
openalex,https://openalex.org/W7112443227,An assessment of agricultural value chain financing amongst smallholder famers in Zimbabwe: A case of Manicaland province,"Muwusha, Alphalet",2019,University of Zimbabwe Institutional Repository (University of Zimbabwe),"Agricultural sector is a key pillar of the Zimbabwe’s economy. The land reform program resulted in 73% of agricultural land falling under small holder farmers. Access to finance by smallholder farmers has been hindering their development and growth. The Ministry of Finance and Economic Development in 2016 under the National Financial Inclusion Strategy adopted Agricultural Value Chain Finance(AVCF) to enhance access to finance for small holder producers. Main objective of the study was to assess AVCF among small holder farmers in Zimbabwe. Supporting objectives were to identify the nature of AVCF among smallholder farmers; to identify factors affecting AVCF among smallholder farmers and to identify the benefits of AVCF among smallholder farmers. A positivism research paradigm was adopted for the study. A case study research design was used. Cluster sampling and convenience sampling were used. Primary data was gathered from small holder farmers in Manicaland Province through a questionnaire. The study revealed that the farmers at most produce crops on 2 hectares of land. The cost of production is at most US$2,000 per hectare and theirgross margin profit ranges between 11-40%. Most of their produce is sold to agro-processors. The farmers mostly rely on self-funding due to stringent lending conditions. Through factor analysis it was observed that AVCF is affected by: farming land size, agricultural finance, favourability of climate, agricultural infrastructure and level of farming skills.AVCF contribute to economic growth; poverty reduction, employment creation, source of raw materials for industry and source of nutrition.It was concluded that AVCF is significant to small holder farmers in Zimbabwe. The study recommendedpolicy makers to put in place sound policies that support smallholder farmers so that they improve their productivity and contribute positively to economy growth likerevision of legislation, such as land and ownership rights and enhance on policy dialogue. There is also a need to develop agricultural and finance policies that are complementary and address agriculture finance from a whole valuechain perspective. Financial institutions need to adopt AVCF and design innovative financial solutions to support smallholder farmers.Further researches should be conducted to assessAVCFfor livestock production as well as broader researches taking into consideration other factors that were not studied under this research.",agriculture; hectare; profit margin; poverty; small farm; agricultural productivity; production economics; contract farming; livelihood,,0,
openalex,https://openalex.org/W4416237600,Government-Backed Loans Program and Its Role in Supporting Small-Scale Farmers in Jordan,Nael Thaher; Lana Mousa Abu Nowar; Nizar Haddad,2025,The Open Agriculture Journal,"Background and Objective The specific relevance and effectiveness of various financing avenues across different farmer groups largely remain unclear. Notably, the evidence on the Agricultural Credit Corporation, widely regarded as the core government-backed organization in Jordan, remains largely narrative. The same applies to any other microfinance institution, if it exists. There is little clarity on the conditions that enable or limit these organizations in effectively serving small-scale farmers. This research explores the financial needs and demands of small-scale farmers based on their agricultural activities. It also examines the impact of government-backed loans on small-scale farmers. Finally, it discusses best practices for lending organizations and highlights the role of government in implementing agricultural lending operations in Jordan. Methodology Based on the information gathered through analysis of relevant literature, comprehensive interviews with recognized experts in the field, and focus group discussions. This case study demonstrates how the Agricultural Credit Corporation has supported and developed the agricultural sector in Jordan. Results The Agricultural Credit Corporation has an important role in the agricultural finance sector, expanding its influence and maintaining its commitment to comprehensive agricultural and rural development by providing financing services that meet farmers’ needs efficiently and effectively. Findings show that government agricultural loans have a significant impact on small-scale farmers. The results indicated that higher levels of schooling, greater farming experience, larger landholdings, better transportation access, and more frequent interactions with extension services positively and markedly influence the likelihood of seeking formal financial assistance. Discussion The results indicate that financial support programs, coupled with stronger institutions and better credit access, are crucial to improving rural livelihoods, food security, and sustainable agriculture. Strengthening the agricultural credit system through coherent policies and effective governance could be pivotal for advancing financial inclusion and ensuring the sustainable development of Jordan’s agricultural sector. Conclusion Government policies and financial institutions’ lending criteria may change after the study period, potentially affecting the long-term applicability of the findings. This study adds to the body of knowledge on agricultural finance by highlighting the effectiveness and limitations of government-backed loans in a developing economy with semi-arid farming conditions.",agriculture; government linguistics; corporation; clarity; agricultural extension; microfinance; financial services; relevance law,10.2174/0118743315424174251029095146,0,University of Jordan; Center for Agricultural Research
openalex,https://openalex.org/W4413668085,"Farmers' Perceptions Towards Agricultural Loan Provided by Commercial Bank: Evidence from Rupandehi District, Nepal",Basu Belbase; Purnima Chalise,2025,The EFFORTS Journal of Education and Research,"Agriculture is a vital sector in Nepal’s economy, contributing approximately 24% to the Gross Domestic Product (GDP) (Economic Survey 2080/81). However, access to agricultural loans from Banking and Financial Institutions (BFIs) remains a significant challenge for farmers due to stringent collateral requirements, complex documentation, delayed loan processing, and unprofessional behavior from bank staff. This study investigates farmers’ perceptions of agricultural loan services provided by commercial banks in Rupandehi District, focusing on four main factors: collateral requirements, documentation complexity, loan processing time, and bankers’ behavior. A descriptive and correlational quantitative research design was employed, with primary data collected from 155 farmers through stratified random sampling. Data were analyzed using SPSS, with descriptive statistics and multiple linear regression employed to examine the relationships between banking services and farmers' perceptions. The findings reveal that high collateral demands and loan disbursement delays negatively affect farmers' perceptions, while simplified paperwork, courteous bank staff behavior, and better loan accessibility contribute to increased satisfaction. Regression analysis confirmed that these factors significantly influence farmers’ perceptions, with banker behavior emerging as the most influential factor. All hypotheses were supported, emphasizing the role of these factors in shaping farmers' experiences. The study recommends that banks simplify documentation, reduce disbursement delays, lower collateral requirements, and train staff to exhibit more respectful behavior, ultimately enhancing the overall experience for farmers. These improvements could foster financial inclusion, promote agricultural commercialization, and inform rural banking policy in Nepal, providing a foundation for future research and policy initiatives in agricultural finance.",loan; agriculture; business; commercial bank; agricultural economics; geography; economics,10.3126/ejer.v6i1.83081,0,
openalex,https://openalex.org/W7134950078,"Blockchain-Secured Warehouse Receipts and Trade Finance Access: A Price Premium Analysis for Sesame Farmers in Humera, Ethiopia",Mekonnen Gebreslasie Gebrehiwot,2006,Zenodo (CERN European Organization for Nuclear Research),"Smallholder farmers in developing economies often lack access to formal trade finance due to issues of trust, collateral, and post-harvest price volatility. Warehouse receipt financing offers a potential solution, but its efficacy is hampered by risks of fraud and document tampering. This study investigates whether the introduction of blockchain-secured warehouse receipts generates a measurable price premium for farmers by improving their access to and terms of trade finance. It specifically analyses the impact on sesame seed farmers in a major Ethiopian production zone. A cross-sectional survey was administered to a stratified random sample of sesame farmers utilising a blockchain-secured warehouse system. Data on sale prices, financing terms, and perceived trust were collected and analysed against a control group using conventional receipts. Econometric techniques, including hedonic price modelling, were employed to isolate the blockchain effect. Farmers using blockchain-secured receipts achieved a statistically significant average price premium of 8.7% compared to the control group. This was directly correlated with enhanced lender confidence, leading to a 15% average reduction in interest rates on advance payments and greater willingness from formal financial institutions to provide credit. The integration of blockchain technology into agricultural warehouse receipt systems demonstrably improves trade finance access and final sale prices for smallholders by mitigating counterparty risk and enhancing transactional integrity. Policymakers and development finance institutions should support the scaling of blockchain-based digital collateral platforms. Further research should examine the long-term sustainability and operational costs of such systems for wider staple and cash crop value chains. agricultural finance, distributed ledger technology, collateral, smallholders, Ethiopia, price differential This paper provides the first empirical evidence quantifying the price premium attributable to blockchain-secured warehouse receipts in a sub-Saharan African agricultural context, offering a novel mechanism for enhancing financial inclusion.",collateral; payment; revenue; transaction cost; access to finance; price premium; receipt; trade finance; cash; price support,10.5281/zenodo.18949961,0,Debre Markos University
openalex,https://openalex.org/W7134908929,"Blockchain-Secured Warehouse Receipts and Trade Finance Access: A Price Premium Analysis for Sesame Farmers in Humera, Ethiopia",Mekonnen Gebreslasie Gebrehiwot,2006,Zenodo (CERN European Organization for Nuclear Research),"Smallholder farmers in developing economies often lack access to formal trade finance due to issues of trust, collateral, and post-harvest price volatility. Warehouse receipt financing offers a potential solution, but its efficacy is hampered by risks of fraud and document tampering. This study investigates whether the introduction of blockchain-secured warehouse receipts generates a measurable price premium for farmers by improving their access to and terms of trade finance. It specifically analyses the impact on sesame seed farmers in a major Ethiopian production zone. A cross-sectional survey was administered to a stratified random sample of sesame farmers utilising a blockchain-secured warehouse system. Data on sale prices, financing terms, and perceived trust were collected and analysed against a control group using conventional receipts. Econometric techniques, including hedonic price modelling, were employed to isolate the blockchain effect. Farmers using blockchain-secured receipts achieved a statistically significant average price premium of 8.7% compared to the control group. This was directly correlated with enhanced lender confidence, leading to a 15% average reduction in interest rates on advance payments and greater willingness from formal financial institutions to provide credit. The integration of blockchain technology into agricultural warehouse receipt systems demonstrably improves trade finance access and final sale prices for smallholders by mitigating counterparty risk and enhancing transactional integrity. Policymakers and development finance institutions should support the scaling of blockchain-based digital collateral platforms. Further research should examine the long-term sustainability and operational costs of such systems for wider staple and cash crop value chains. agricultural finance, distributed ledger technology, collateral, smallholders, Ethiopia, price differential This paper provides the first empirical evidence quantifying the price premium attributable to blockchain-secured warehouse receipts in a sub-Saharan African agricultural context, offering a novel mechanism for enhancing financial inclusion.",collateral; payment; revenue; transaction cost; access to finance; price premium; receipt; trade finance; cash; price support,10.5281/zenodo.18949960,0,Debre Markos University
openalex,https://openalex.org/W4405950246,Impact of NGO’s Credit on Agricultural Productivity in Bangladesh,Md. Shafiqul Islam,2024,MBSTU Journal of science and technology,"Boosting agricultural output is a vital tool for long-term economic development, food security, and nutrition and poverty alleviation in Bangladesh. The objective of this study is to analyze how NGO’s credit affects agricultural output in Bangladesh. The study used secondary data collected from the reports submitted to the Bangladesh Microcredit Regulatory Authority, and the Bangladesh Bureau of Statistics, covering data from the period of 2005 to 2019. A Multiple Linear Regression method was employed to test the hypothesis. The study results can be used to found that credit extended by NGOs to the agricultural sector has a substantial, beneficial effect on agricultural output and productivity across the country. It is also revealed that increasing NGO credit to Agriculture increases agricultural production by 1.19 metric tons per million taka credit provided by NGOs. The study findings can be significant to policymakers, bankers, other financial institutions, and farmers to maximize the impact rural financing on agricultural development. Our research identified the extent of NGO’s credit’s role on agricultural output which is valuable for agricultural development and designing credit policy to extend the agricultural finance at present in Bangladesh.",agriculture; agricultural productivity; agricultural economics; poverty; food security; productivity; business; agricultural development; rural poverty; production economics; economic growth; economics; geography,10.69728/jst.v10.28,0,Jatiya Kabi Kazi Nazrul Islam University
openalex,https://openalex.org/W7124854805,Determinants of agricultural credit accessibility: A case study of sugarcane (Saccharum officinarum) farmers in Muzaffarnagar district,Garima Singh; Swati Shastri,2025,The Indian Journal of Agricultural Sciences,"Access to credit is an important aspect that determines agriculture productivity and financial ability of the farmers. The study was carried out during October 2023 to November 2024 to analyse the factors that influence sugarcane (Saccharum officinarum) farmers’ access to credit in Muzaffarnagar district, Uttar Pradesh, India. For this study data were collected from 390 farmers through a semi-structured questionnaire and to analyse the data, a logistic regression model has been employed. The study examined the socio-economic, demographic, and geographical factors affecting credit accessibility among sugarcane farmers. The results showed that education, annual income, landholding and collateral availability all have a significant effect on credit accessibility. Our results draw attention to the importance of improving financial awareness, enhancing adequate collateral, and reducing institutional barriers in order to expand credit accessibility. The study provides important insights for government interventions aimed at strengthening the financial security of sugarcane producers and promoting sustainable agriculture in the region.",agriculture; collateral; government linguistics; productivity; food security; logistic regression; uttar pradesh; order exchange,10.56093/ijas.v95i11.165904,0,Banasthali University
openalex,https://openalex.org/W4414483822,Impact of Agricultural Loans on Agricultural Productivity in Kosovo,Jehona Shkodra; Feim Gashi; Prespa Ymeri; Lindita Ibishi,2025,WSEAS TRANSACTIONS ON ENVIRONMENT AND DEVELOPMENT,"The paper examines the impact of agricultural credit on the productivity and income of Kosovo farms, a subsector that is characterized by restricted mechanization, extremely fragmented land ownership, and restricted access to finance. This paper uses a cross-section of a sample of 500 farmers from five Kosovo municipalities and different linear and hierarchical regression models to analyze the extent to which demographic variables, labor inputs, and credit access explain gross farm income. Further, the paper performs reliability testing in farmers' perceptions of credit constraints. Based on the findings, the study discovers that access to credit statistically and significantly affects income positively. As such, producers who have access to credit can gain, on average, €3,688 more than those producers without credit, given the other variables constant. Labor emerged as the pivotal variable of the income: one extra full-time worker raised the level of income by €6,892, and seasonal workers contributed €2,149. Further, the education and age factors were found to be statistically insignificant and hence cannot be said to have an impact on farm outcomes in the opposite direction. This means that real inputs like labor and capital heavily dominate over individual demographic factors in determining the outcomes of the farm. The test of reliability also indicated that collateral, high interest rates, and loan terms are being viewed as the most stringent obstacles to credit access with internal consistency (α = 0.889). These findings align with the broader literature that highlights the fact that loans are a productive source of farm productivity, but loan design as well as overall institutional arrangements are the principal drivers of the success of the latter. Due to this, access to finance needs to go hand in hand with advisory services at the farm level, financial education and awareness at the household level, and policy for dealing with structural issues of land fragmentation and lack of mechanization in Kosovan agriculture.",loan; productivity; sample material; agriculture; agricultural productivity; capital architecture; farm income; human capital,10.37394/232015.2025.21.99,0,University of Prishtina
openalex,https://openalex.org/W4412093832,Does Access to Agricultural Credit Affect the Performance of Sugarcane Production in India,Umanath Malaiarasan; R Paramasivam; V. Karthick; Kamaruddin Jafar; K Hafsal,2025,Cureus Journal of Business and Economics.,"Sugarcane is a commercial crop that demands substantial external inputs to maximize yield and income. However, the capital availability for marginal and small farmers continues to be insufficient. Successive governments in India have introduced a number of credit policies to overcome capital constraints in agricultural production. However, literature indicates a larger level of inefficient production. This study aims to assess the impact of agricultural credit on the productivity and income of sugarcane producers in India. Based on national sample survey data pertaining to the year 2018-2019, an endogenous switching regression model was employed to determine the true effect of credit access. Our findings reveal that the productivity and income of farmers who grow sugarcane have significantly increased due to credit access. The study also found that if these farmers had access to credit, they could potentially experience an increase of 1,172 kg per acre in yield, and their farm income could increase by Rs. 10,221 per farm. Thus, it is suggested that efforts to extend credit supply to all farmers and strengthen financial literacy regarding access to institutional credit may help achieve additional yield per unit area and income per farm.",affect linguistics; production economics; agriculture; business; agricultural productivity; agricultural economics; natural resource economics; agricultural science; economics; environmental science; biology; microeconomics; psychology; ecology,10.7759/s44404-024-02877-9,0,
openalex,https://openalex.org/W4411231047,Credit Access and Smallholder Rice Farmers’ Productivity in Agricultural C O-Operatives Based Irrigation Schemes in Tanzania,Consesa R. Mauki; Luka S. Njau,2025,EAST AFRICAN JOURNAL OF SCIENCE AND TECHNOLOGY,"Access to credit is crucial for enhancing productivity among smallholder rice farmers in Tanzania's irrigation schemes. Despite its importance, various barriers prevent these farmers from securing the necessary financial services. This study investigates the factors influencing credit access and its effect on productivity among smallholder rice farmers in irrigation schemes managed by agricultural co-operatives in Tanzania. The study adopted a cross-sectional research design, collecting data from 382 smallholder rice farmers in three Agricultural Marketing Co-operative Societies (AMCOS) during the 2021 cropping season. Data were gathered through a structured questionnaire and key informant interviews. The analysis employed the Statistical Package for Social Sciences (SPSS), utilizing descriptive statistics and binary logistic regression. The findings reveal that only 34.3% (131) of the 382 respondents had access to credit, and this access positively influenced productivity among smallholder rice farmers. The model results indicated that the duration of membership in a cooperative society, land size, access to training, farming experience, and adequate extension services were significant determinants of agricultural credit access. While only 34.5% of respondents had access to credit, this access positively influenced productivity. The key determinants of agricultural credit access include cooperative membership duration, land size, training access, farming experience, and extension services. To improve rural farmers’ access to credit, the Local Government Authority and stakeholders in the credit industry should design interventions that enhance credit access among smallholder farmers. Additionally, promoting capacity building, financial literacy programs, and ensuring that policy interventions focus on supporting rural financial institutions are recommended strategies for improving credit access, boosting agricultural productivity, and enhancing the livelihoods of smallholder rice farmers in Tanzania.",tanzania; productivity; business; agriculture; irrigation; agricultural economics; agricultural science; market access; rice farming; geography; economics; environmental science; economic growth; socioeconomics; agronomy,10.62103/unilak.eajst.15.1.063,0,
openalex,https://openalex.org/W4411231054,untitled record,NA,2025,EAST AFRICAN JOURNAL OF SCIENCE AND TECHNOLOGY,"Access to credit is crucial for enhancing productivity among smallholder rice farmers in Tanzania's irrigation schemes.Despite its importance, various barriers prevent these farmers from securing the necessary financial services.This study investigates the factors influencing credit access and its effect on productivity among smallholder rice farmers in irrigation schemes managed by agricultural co-operatives in Tanzania.The study adopted a cross-sectional research design, collecting data from 382 smallholder rice farmers in three Agricultural Marketing Co-operative Societies (AMCOS) during the 2021 cropping season.Data were gathered through a structured questionnaire and key informant interviews.The analysis employed the Statistical Package for Social Sciences (SPSS), utilizing descriptive statistics and binary logistic regression.The findings reveal that only 34.3% (131) of the 382 respondents had access to credit, and this access positively influenced productivity among smallholder rice farmers.The model results indicated that the duration of membership in a cooperative society, land size, access to training, farming experience, and adequate extension services were significant determinants of agricultural credit access.While only 34.5% of respondents had access to credit, this access positively influenced productivity.The key determinants of agricultural credit access include cooperative membership duration, land size, training access, farming experience, and extension services.To improve rural farmers' access to credit, the Local Government Authority and stakeholders in the credit industry should design interventions that enhance credit access among smallholder farmers.Additionally, promoting capacity building, financial literacy programs, and ensuring that policy interventions focus on supporting rural financial institutions are recommended strategies for improving credit access, boosting agricultural productivity, and enhancing the livelihoods of smallholder rice farmers in Tanzania.",chemistry,10.62103/unilak.eajst.15.1,0,
openalex,https://openalex.org/W4410717645,Agricultural Lending Schemes: A study on primary agriculture co-operative credit societies (PACS) In Karnataka,M. Kumaraswamy; Sathwik Ms,2025,Asian Journal of Management and Commerce,"Cooperative Societies can be defined as autonomous associations of persons united voluntarily to meet their common economic, social, and cultural needs and aspirations through a jointly owned and democratically controlled developing agricultural country, such as India.The Cooperative Credit Societies Act of 1904 led to the formation of Cooperative Credit Societies in rural and urban areas.The Act was based on the recommendations of Sir Frederick Nicholson (1899) and Sir Edward Law (1901).Their ideas were based on the patterns of Raiffeisen and Schulze.The Cooperative Societies Act of 1912 further recognised the formation of non-credit societies and central cooperative organisations to meet credit requirements for agricultural activities.The NABARD assumes crucial responsibilities for policy formulation, refinance provision, and monitoring the oversight of agricultural lending.The second tier comprises State Cooperative Banks (SCBs), which focus on policy implementation, sanctions, and monitoring.The third tier consists of District Central Cooperative Banks (DCCBs), which handle sanctions, recommendations, monitoring, and field support.Primary Agricultural Credit Societies (PACS) are essential for enhancing access to credit and fostering financial inclusion in rural regions, especially within farming communities.",agriculture; primary astronomy; business; agricultural economics; agricultural science; financial system; economics; environmental science; geography; physics,10.22271/27084515.2025.v6.i1l.565,0,
openalex,https://openalex.org/W4410001021,The Role of Agricultural Credit Financing on Agricultural Output in Nigeria (1990–2022),A. W. Enenche; A. S. Agara; Paul James,2025,African Journal of Economics and Sustainable Development,"Agricultural credit finance is seen as the pathway to persistent increase in agricultural output. This study empirically investigates the role of agricultural credit financing on agricultural output in Nigeria from 1990 to 2022 using annual time series data. The study employed econometrics techniques such as Descriptive Statistics, Augmented Dickey-Fuller Unit Root Test, Granger Causality Test, and Ordinary Least Square Estimation Method of analysis. Results and findings show that agricultural credit financing via commercial bank credits, government expenditures on agricultural sector, and agricultural credit guarantee scheme fund (ACGSF) has a positive significant effect on agricultural output and has contributed massively to the growth of agricultural output and productivity in Nigeria. It is therefore recommended that government and monetary authorities should formulate policies that will both increase and expand access to credit by farmers as it will further boost agricultural output, thereby fostering sustainable economic growth and development in Nigeria.",agriculture; business; agricultural economics; financial system; economics; geography,10.52589/ajesd-wbsz4juz,0,
openalex,https://openalex.org/W4417329618,Enhancing food security through agricultural credit in environmentally vulnerable regions: insights from Northern Bangladesh,Zia Ahmed; Shrinidhi Ambinakudige,2025,Discover Sustainability,"This study aimed to examine the impact of agricultural credit on enhancing food security among marginal farmers using Structural Equation Modeling (SEM). Additionally, it sought to quantify the effects of flood, agricultural drought, and riverbank erosion on food security through remote sensing techniques. To achieve these goals, a self-administered questionnaire survey was conducted in northern Bangladesh, gathering responses from 597 participants across the study regions. Analysis showed that the greater portion of respondents 44.44% agreeing and 13.9% strongly agreeing perceived a decline in reliance on informal credit due to the expansion of formal credit sources. However, 45.1% acknowledged that credit could impose financial burdens, and nearly half indicated that loan repayments affected their food consumption patterns and dietary choices. SEM results demonstrated a significant influence of agricultural credit on marginal farmers’ food security, while agricultural policies showed limited impact on improving food security outcomes. Geospatial analysis confirmed that riverbank erosion, flooding, and agricultural drought were prevalent during the study period and had a substantial adverse impact on crop yields. The integrated insights from geospatial and survey data suggest that, particularly in environmentally vulnerable areas, agricultural credit serves as a crucial mechanism for enhancing food security among marginal farmers. Consequently, government agencies should strengthen oversight of credit providers, and policymakers ought to revise agricultural policies to improve credit access for marginal farmers, especially in regions facing environmental vulnerabilities.",food security; agriculture; geospatial analysis; government linguistics; loan; consumption sociology; survey data collection,10.1007/s43621-025-02269-4,0,Shahjalal University of Science and Technology; Mississippi State University
openalex,https://openalex.org/W4412458255,"Agricultural production in Bulgaria: the financial impact of credit, subsidies, and interest rates",Nadezhda Blagoeva,2025,Agricultural Sciences,"The present study analyses the impact of external bank financing on agricultural production in Bulgaria from 2000-2022. The main objective of this research is to assess the role of external funding in the development of the agricultural sector in the Republic of Bulgaria by examining the influence of bank lending on Bulgarian agricultural production, evaluating the impact of subsidies on the formation of the value of Bulgarian agricultural production, and investigating the significance of interest rates for Bulgarian agricultural production. For this study, three hypotheses have been formulated to be subsequently tested and discussed. A multiple regression analysis has been employed to identify the relationship between agricultural production, lending, sector subsidies, and interest rate levels. The study is based on Eurostat, FAOSTAT, and the Bulgarian National Bank (BNB) data. The results show that the three indicators examined are strongly related to agricultural production and explain a significant part of its dynamics. It has been found that agricultural lending and the interest rates at which farmers have access to financing exert a strong positive influence on the growth of agricultural production. At the same time, subsidies have a negative effect. As a result, the article recommends expanding financial instruments for agricultural credit, improving lending conditions, lowering interest rates for investment loans in the agricultural sector, reviewing subsidy distribution mechanisms, and channeling financing towards areas that enhance productivity and sustainability in agriculture. Keywords: agricultural production, credit, subsidies, interest rate",subsidy; business; production economics; agriculture; interest rate; agricultural economics; financial system; economics; agricultural science; environmental science; geography; market economy,10.22620/agrisci.2025.45.013,0,Agricultural University Plovdiv
openalex,https://openalex.org/W1608670633,Improving Living Standards of Small Producers in Lombok Indonesia: Entrepreneurship Can Be the Key,"Taslim Sjah; Donald Cameron; I. W. Russell; Sjah, Taslim; Cameron, Donald; Russell, Iean W.",2005,"AgEcon Search (University of Minnesota, USA)","There were indications of failure of Indonesia's agricultural credit program in terms of its inability to increase agricultural production, farmers' income, and repayment level. This paper analyses the impact of credit provision on farming activities and proposes strategies for improving livelihood of agricultural producers in Lombok, Indonesia. The analysis is based on two periods of survey conducted in Central Lombok, where the current KKP government credit scheme is provided to agricultural producers. Three villages within the regency were sampled, representing various repayment rates of government credit. Data were collected using face-to-face, semi-structured interviews with farmers who had made use of government or other sources of agricultural credit, and with key informants. This study confirmed that credit used by farmers in Lombok had little noticeable impact on increasing agricultural production (11%) and on income (5%). This marginal impact of credit use may be related to the current credit provision system in which credit is made available in limited amounts and intended for a single purpose. The repayment levels of individual farmers were quite satisfactory, in the sense that the majority of farmers have repaid their loans in full. However, their reasons for repayment were not directly related to the levels of income they earned. Rather, farmers made credit repayments for reasons for maintaining eligibility for future credit distribution, borrowers' positive personality (especially to avoid embarrassment), and providers' collection efforts. The little noticeable impact of credit, and farmers' reasons for making credit repayment, point to the need for the current system to be altered, to allow for provision of larger amounts and for multiple purposes. This move requires equipping farmers with entrepreneurship ability so that they can seek and make use of business opportunities. There is a need for education and extension programs that focus on identifying business opportunities on which credit may be used more profitably in the long term rather than just for short term seasonal survival as well as on how to run the identified businesses properly and profitably. This knowledge may help farmers to improve their living standards and allow credit provision to have a more significant impact than the current system.",business; government linguistics; livelihood; agriculture; entrepreneurship; loan; agricultural productivity; agricultural economics; economics,10.22004/ag.econ.24267,0,University of Queensland
openalex,https://openalex.org/W4411670573,"Assessing the Effectiveness of Agricultural Finance Schemes on Farmer Welfare: Evidence from Rayagada District, Odisha",Mr. P. Narasimha Murty; D. N. Rao,2025,IOSR Journal of Business and Management,"This study evaluates the effectiveness of agricultural finance schemes on farmer welfare in Rayagada District, Odisha. Agricultural finance is vital for rural farmers, offering the necessary capital to boost productivity, invest in modern techniques, and improve livelihoods. Despite various government and private initiatives, the actual impact of these credit facilities on farmer welfare is still debated. Using a mixed-methods approach, the research analyses financial schemes such as Kisan Credit Cards (KCC), crop loans, and subsidy programs. Data was gathered through field surveys, farmer interviews, and secondary sources, focusing on access to finance, fund utilization, repayment issues, and improvements in income and productivity. Findings reveal that while these schemes have positively influenced crop yields and household income, gaps in financial literacy, timely access to credit, and insufficient funds persist. External challenges such as market volatility and infrastructure deficiencies further limit the long-term impact. The study recommends policy improvements, including better credit delivery systems, enhanced financial literacy, and stronger market linkages. These findings from Rayagada District could guide other regions facing similar challenges in boosting farmer welfare through agricultural finance.",agriculture; welfare; business; agricultural economics; economics; geography; market economy,10.9790/487x-2706148084,0,
openalex,https://openalex.org/W4411248832,"""Access to Agricultural Loans and Their Impact on Crop Productivity: A Study of Southern Odisha""",Mr. P. Narasimha Murty; N.v.j. Rao,2023,unknown source,"This study examines the empirical relationship between access to agricultural credit and crop productivity in the tribal-dominated and underdeveloped districts of Southern Odisha. Despite the availability of government-led credit schemes, many small and marginal farmers continue to face structural barriers in accessing timely and adequate institutional loans. Utilizing a multistage stratified random sampling approach, data were collected from 370 farmers across key agricultural districts. The research employs Likert scale-based survey instruments and applies Pearson correlation and regression analysis to explore how loan accessibility, adequacy, and utilization influence agricultural output, particularly in paddy and millet cultivation. Findings reveal a significant positive correlation between institutional credit and crop yields, with credit utilization for quality inputs, machinery, and modern farming practices serving as key mediators. The study highlights that timely disbursement and effective loan use substantially improve farm productivity, suggesting the need for targeted policy interventions to strengthen rural credit systems in socio-economically disadvantaged regions. These insights have implications for enhancing inclusive agricultural growth, reducing rural poverty, and improving financial inclusion in tribal areas.",productivity; agriculture; agricultural economics; crop productivity; business; crop; agricultural science; natural resource economics; agroforestry; economics; geography; environmental science; economic growth; forestry,10.53555/kuey.v29i3.10188,0,
openalex,https://openalex.org/W4309216869,Effect of agricultural credits on production among smallholder crop farmers in delta state,Shadrack Akporawo; P.o. Emaziye; Onyeidu Samuel Osemedua,2022,World Journal of Advanced Research and Reviews,"The study analysed the effect of agricultural credits on production among smallholder crop farmers in Delta State. Multistage random sampling procedure was adopted for the selection of 210 respondents. Data were collected from primary sources through the use of structured questionnaires and analysed through the use of descriptive and inferential statistical tools. The result showed that most of the respondents were in the age range of 41years to 50 years who were married with secondary school education. Majority were engaged in farming as their primary occupation having mean family size of 8 persons and an average annual income of N250,000. Majority obtained their credit from personal savings and cooperative societies. The major determinants of access to credit in the area were interest rate, type of enterprise, and farm size. The major constraints to obtaining credit were lending policies of credit institutions, lack of knowledge of rules and regulations and provision of collateral security. It is recommended that farmers should be encouraged to form farmers’ cooperative societies to improve access to credits.",collateral; agriculture; production economics; business; descriptive statistics; agricultural economics; agricultural science; sample material; agricultural productivity; economic growth; economics; geography; statistics,10.30574/wjarr.2022.16.2.1196,0,Delta State University; Institut Supérieur de Technologie Médicale
openalex,https://openalex.org/W4405831120,The Impact of Credit Policy Environment on Agricultural Output in Nigeria,Sunday B. Akpan; Edet J. Udoh; Veronica S. Nkanta; Inimfon V. Patrick,2024,Research in Agricultural Sciences,"The growth of the agriculture sector is a key factor in the survival of the Nigerian economy. However, the production and productivity of this sector have been lower than expected recently. The country is now a net importer of some crops that were previously produced in large quantities. Hence, with the aim to identify factors that influence the sector, the study specifically establishes the relationship between the agricultural sector growth proxy by the agricultural production index and the credit policy variables in Nigeria. The research utilized the flexible autoregressive distributed lag (ARDL) approach to determine the presence of co-integration. The estimated long-run and short-run models demonstrated the best, most efficient, and unbiasedness qualities. The findings revealed that loans from commercial banks and the Agricultural Credit Guarantee Scheme Fund (ACGSF) have a significant positive impact on the agricultural sector's growth in the long run. Conversely, the long-run agricultural growth exhibited a negative relationship with the domestic credit to the private sector and lending interest rate. This finding underscores the importance of boosting commercial bank loans to the agricultural sector and increasing credit volume from the Agricultural Credit Guarantee Scheme Fund. Furthermore, it highlights the necessity of introducing more financial incentives to attract domestic private investments and lowering the lending interest rate on agricultural credit within the country.",loan; agricultural productivity; agriculture; distributed lag; production economics; investment military; index typography; business; private sector; interest rate; incentive; economics; agricultural economics; financial system; macroeconomics; economic growth; econometrics; market economy,10.17097/agricultureatauni.1430220,0,Akwa Ibom State University; University of Uyo
openalex,https://openalex.org/W2978757479,Factors affecting access to finance by Smallholder Farmers in Zambia,Mwaya Siwale,2019,Open University of Cape Town (University of Cape Town),"About seventy-seven percent of Zambia’s citizens who are engaged in primary activity in the agriculture sector are poor (Economies, 2017). One of the ways in which the poverty levels can be reduced is by lessening constraints of access to finance in agriculture sector. The implications of the low access to credit in the agriculture sector is reduced productivity, high food insecurity and perpetual poverty particularly in Zambia’s rural areas. Most of the studies conducted focused on identifying factors which limit participation in agriculture finance from the bank’s perspective and not farmers. Therefore, this study sought to fill the gap and assess variables directly related to smallholder farmers access to finance. It further examines the dynamism of access to finance depending on location, gender and transport infrastructure. The data employed in the study was obtained from a survey conducted in 2013 by IAPRI and UNZA with a sample size of 1,231 households in six districts of Zambia. Agricultural credit for small holder farmers (SHFs) in rural areas is mostly provided in the form of cash or in kind through supply of inputs to these SHFs. This data was modeled based on the logistic regression. The results showed that 14.1% of the SHFs had access to finance. Among these farmers only 13% were female. In addition, secondary education, access to finance information, farm size, access to collateral and distance between the location of the farmer and the financial services, were significant factors in determining access to credit. A recommendation proposed to policy makers based on results presented include sensitization on various finance facilities available to rural farmers so that they are aware and can make necessary efforts to access the finance. Rural education is directly related to access to finance, therefore government should promote education for its citizens. Lack of collateral has been identified as a factor that gravely hinders access levels by most. Government should implement standardized policies that ensure availability of credit to farmers with little or no collateral. In conclusion, improved credit permeation in agriculture sector promotes sustainable and inclusive growth in Zambia and will eventually eradicate absolute poverty.",access to finance; business; agricultural economics; geography; economics,,0,
openalex,https://openalex.org/W4406003093,A Bibliometric Analysis on Agricultural Finance in India,Maheswari Behera; Manash Kumar Behera,2024,International Journal For Multidisciplinary Research,"The rapid development of digital technology has brought new opportunities for agricultural development. Agriculture is a vital component that is intricately woven into the fabric of human subsistence and economic stability in the complex tapestry of global economies. Agricultural finance is essential for modernizing farming and enhancing global food security, yet sustainable financial services remain challenging in remote areas. Agriculture finance empowers poor farmers to increase their wealth and facilitates the development of food value chains for feeding 9 billion people by 2050. Rural areas and agriculture in developing countries face a significant shortage of investment capital and financial services, hindering productivity and income for smallholder households and enterprises. Addressing this challenge demands substantial investment. This study reviews published research on agricultural finance from the Web of Science database, focusing on research and development patterns in India. It employs bibliometric analysis using VOS viewer and R software to visualize networks, exploring the evolution, trends, and significant contributors within agricultural finance research. This study reviews a large collection of scholarly publications of a specific period from 1991 to 2024. The study employs Citation analysis, keyword analysis, most relevant sources, most cited documents etc. The study finds A.A as the most relevant author from India. The study outlines research advancements, key journals, prominent authors, influential organizations, emerging themes, and future directions in agricultural finance.",agriculture; regional science; business; agricultural economics; economics; geography; archaeology,10.36948/ijfmr.2024.v06i06.33900,0,
openalex,https://openalex.org/W4387445773,Assessing the Challenges and Impact of Access to Agricultural Credit in Southern Punjab (Pakistan): A Qualitative Study,Zain Ali; Syed Usman Ali Gillani,2023,Pakistan Journal of Humanities and Social Sciences,"Pakistan's agriculture industry, distinguished by its variety of animals and crops, has historically been the foundation of the country's economy. It contributes significantly to GDP, employs a considerable section of the people, and assures food security for the country. Despite its vast potential, the agricultural sector continues to struggle with issues including low productivity, susceptibility to climate change, and inadequate access to financial resources. Investigating the Credit Barriers to Bank Lending in Pakistan's Agriculture Sector was the aim of this study. The effectiveness of present lending processes, as well as the role of banks in providing credit to agricultural consumers, and the socioeconomic implications of bank credit in agriculture, were also explored. In-depth semi-structured interviews were the primary technique of data collecting for this study, which followed a qualitative research design. A total of 33 representatives from the NRSP Micro Finance Bank, Zari Tarraqiati Bank Ltd., and National Bank of Pakistan (NBP) in the Bahawalpur region, as well as some of the bank's visiting clientele, were the participants of the study. Data was extracted and analyzed using thematic analysis to reveal recurring themes and trends. According to the findings, banks in Pakistan encountered some credit challenges when offering loans to the farm industry. There were societal issues, knowledge gaps, legal constraints, and financial challenges. Stakeholder perspectives, including those of bank employees and farmers, provided a thorough picture of the problems at hand. This research contributes to the literature by offering an in-depth analysis of credit restrictions in agricultural financing in Pakistan.",agriculture; business; stakeholder; food security; qualitative research; economic growth; economics; geography; management,10.52131/pjhss.2023.1103.0608,0,Islamia University of Bahawalpur
openalex,https://openalex.org/W4404679761,Do Non-Traditional Loans Help Beginning and Female Farmers?,Denis A. Nadolnyak; Valentina Hartarska,2024,International Journal of Economics and Finance,"Beginning farmers and ranchers (BFRs) and women farmers (WFRs) are growing cohorts within the U.S. agriculture. Compared to traditional producers, they are more credit constrained because of limited collateral usually required by traditional agricultural lenders. In recent years, non-traditional lenders entered agricultural credit markets but their role remains unclear. At the same time, traditional lenders consolidated and even closed facilities. We combine data on the use of Non-Traditional Loans (NTLs) from the 2018 Agricultural Research Management Survey and data on geographic location of branches of traditional agricultural lenders (Farm Credit System Institutions, Commercial Banks, and Credit Unions) and of providers of Alternative Financial Services (AFS) to evaluate whether the use of NTLs and access to lending facilities relates to productivity of BFRs and WFRs. The main finding is that the use of NTLs and access to credit from AFS is not associated with productivity. However, credit constraints remain relevant because BFRs and WFRs with larger number of loans are less productive. We conclude that concerns of producers and policy makers that nontraditional lenders may replace traditional ones to the detriment of productivity of vulnerable groups such as BFRs and WFRs are not supported by the data.",business; economics; agricultural economics,10.5539/ijef.v16n12p94,0,Auburn University
openalex,https://openalex.org/W3172265579,Characteristics and Challenges of Formal Agricultural Credit in Afghanistan: What Potential Policy Can Increase Participation?,Masaood Moahid; Keshav Lall Maharjan,2021,Hiroshima University Acedemic Information Repository (Hiroshima University),"Access to credit improves farmers’ productivity and income. However, farmers’ low access to credit remains a confounding issue in Afghanistan. This study predominantly aims to identify the challenges hindering the country’s financial sector from effectively serving agriculture. We used the triangulation method of data collection to capture the various dimensions of the challenges to formal agricultural credit access in Afghanistan. The results showed that commercial banks are reluctant to provide credit for agricultural purposes. Financial institutions supply credit to farmers in a fragmented manner, rather than through a unified mechanism. Furthermore, farmers cited the cumbersome process of obtaining credit and the lack of suitable collateral for it as the most pressing issues. Moreover, a thematic analysis of key respondents’ interviews revealed that vulnerability to risk, operational restrictions, societal constraints, and the less active real estate market are the predominant challenges to expanding formal agricultural credit. Finally, we present our suggestions to address these challenges.",agriculture; business; environmental planning; natural resource economics; public economics; political science; economics; geography,10.15027/50590,0,
openalex,https://openalex.org/W7116696893,THE EFFECTS OF AGRICULTURAL FINANCE AND FINANCIAL DEVELOPMENT ON THE ECONOMIC GROWTH OF THE SSA COUNTRIES,Christopher Ikechukwu Ifeacho,2025,ACTA ECONOMICA,"This study examined the effects of agricultural finance and financial development on the economic growth of the SSA from 2000 to 2021. The study employed the panel ARDL regression models and the panel VAR-based Granger causality test as tools for data analysis. The study revealed that capital accumulation impacts agricultural performance negatively in the long run; the effect on economic growth is negative in the short run but positive in the long run. Also, there is no evidence for the short-run impact of labour on both agricultural performance and economic growth; however, the long-run effect is positive and significant. There is a piece of strong evidence supporting financial development as an agricultural performance and economic growth drivers both in the short and long run. Per capita income which reflects the individual purchasing power impacted agricultural performance only in the long run whereas its impact on economic growth which is only significant in the long run is negative. Further, it is revealed in the study that the role played by agricultural performance in driving economic growth cannot be overemphasised both in the short run and long run. Therefore, this study recommends strengthening institutional capacity for financial sector monitoring through legislation and countercyclical buffers, promoting R&amp;D and policies to enhance industrial and agricultural performance, and advancing financial institutions to optimise agriculture-linked industrialisation. Also, governments should encourage affordable agricultural credit, supported by awareness campaigns, and prioritise apprenticeship programs, reskilling and technology-driven R&amp;D to boost labour productivity and sustain economic growth in Sub-Saharan Africa.",agriculture; panel data; granger causality; productivity; short run; financial sector development; agricultural productivity; capital architecture; per capita,10.63356/ace.2025.012,0,Durban University of Technology
openalex,https://openalex.org/W4416605917,The dynamic effects of irrigated land allocation on wheat production in Ethiopia,Agerie Nega Wassihun; Yuchun Zhu; Amenu Leta Duguma,2025,Scientific Reports,"Although previous studies in developing countries like Ethiopia have extensively documented the benefits of irrigation, these studies rely primarily on cross-sectional data. Consequently, analysis of the effects of irrigated land allocation on national crop production from a longitudinal perspective remains limited. This study examines the dynamic effects of irrigated land allocation on wheat production in Ethiopia, using World Bank and FAOSTAT data from 2000 to 2021. We employed an autoregressive distributed lag (ARDL) model to estimate long-run and short-run cointegration. The empirical results revealed that irrigated land allocation has a statistically significant positive impact on wheat production in both the long and short term. Notably, the long-term elasticity shows that a one-hectare increase in irrigated land is associated with a 36% rise in wheat production. Moreover, livestock manure, agriculture water use efficiency, and chemical fertilizer consumption positively influence wheat production in both the short and long term, while agricultural credit has a negative effect. The result further shows that despite steady growth in wheat production during the study period, domestic supply has continually lagged behind demand, forcing the country to rely on commercial imports. Irrigation development has also lagged behind potential capacity throughout the entire study period. To address Ethiopia's wheat supply shortfall and growing food demand, this study recommends expanding irrigation into underutilized areas, modernizing existing infrastructure, and increasing access in both lowland and highland regions. It is also critical to enhance monitoring of agricultural loans to prevent misallocation.",irrigation; production economics; agriculture; distributed lag; panel data; fertilizer; agricultural productivity; livestock,10.1038/s41598-025-23560-4,0,University of Gondar; North West Agriculture and Forestry University; Ambo University
openalex,https://openalex.org/W4406643938,"Navigating Financial Barriers: Examining Agricultural Credit Accessibility for Smallholder Paddy Farmers in Mvomero District, Tanzania",Rick Kamugisha; Africanus Calist Sarwatt; Omary Magasha; Adam Matiko Charles,2025,Research Journal of Business and Finance,"Access to agricultural credit is critical for the economic sustainability of smallholder farmers, particularly in developing regions like Tanzania. However, many smallholder paddy farmers in Mvomero District face significant barriers when trying to secure financing essential for improving productivity and livelihoods. This study investigates the enablers and obstacles influencing agricultural credit accessibility for these farmers. Using a mixed-methods approach, data were collected from 274 farmers and key informants, revealing that prior loan experience plays a significant role in facilitating credit access, with 80.7% of respondents indicating previous loan engagement. Additionally, secure land ownership was found to correlate with better credit terms, as those with formal titles reported a mean score of 3.12, highlighting the importance of land tenure in their borrowing experience. Despite the high level of engagement with credit markets, considerable challenges remain, with mean scores of 2.98 and 3.14 suggesting that interest rates and collateral requirements are perceived as substantial barriers to accessing credit. Furthermore, trust and reputation emerged as pivotal factors in loan procurement, with 73% of farmers expressing willingness to seek additional credit, which reflects a generally positive outlook on borrowing. These findings underscore the urgent need for tailored financial education programmes and supportive policies aimed at enhancing lending practices and improving access to capital for smallholder farmers in the region.",tanzania; business; agriculture; agricultural economics; agroforestry; geography; environmental planning; economics; environmental science,10.58721/rjbf.v4i1.900,0,"East, Central and Southern Africa Health Community; Institute of Rural Development Planning"
openalex,https://openalex.org/W7117260941,"SUSTAINABLE AGRICULTURAL FINANCE IN DEVELOPING COUNTRIES: TRENDS, COLLABORATIONS, AND FUTURE PATHWAYS",NA,2025,The Journal of Animal and Plant Sciences,"Sustainable Agricultural Finance (SAF) is an increasingly important area of research, especially in developing countries where agriculture is the backbone of food security, poverty alleviation and environmental sustainability.Lack of previous studies has resulted in a failure to provide sufficient guidelines on how SAF research has developed in developing countries and the thematic gaps that remain unfilled.Bibliometric techniques provided the framework for the study to explore the key questions.Data was collected from the Scopus database from 1983 to 2025.The results indicate an increase in scholarly interest in SAF through an increase in publications, citations and international collaboration as well as the integration of finance, sustainability and policy frameworks in the agricultural sectors of developing countries.Moreover, 'sustainability' emergence most important source, and South Africa has been revealed as the main contributor and collaborator.The results also reveal six types of themes: rural finance, smallholder inclusion, agroecology, patterns of environmental change, and linkages to global policies.Several pathways can be explored in future research including gender-inclusive finance, tools to gauge climate risk, and new funding transport mechanisms.The study broadens insights into overlooked areas and indicates possible future research paths, which serve as a guide to aid policymakers, researchers, and practitioners, aiming to strengthen sustainable agricultural financing throughout the Global South.",agriculture; sustainability; agricultural productivity; sustainable development; developing country,10.36899/japs.2026.2.0031,0,
openalex,https://openalex.org/W4414878130,Impact of Agricultural Financing on Nigerian Economic Performance: 1998 – 2023,Moyotole Daniel Ezuem; Aul Efe Ohwojero; Peter Okpe Agada,2025,Sri Lankan Journal of Banking and Finance,"This study investigated the impact of agricultural financing on economic performance in Nigeria spanning from 1998 to 2023, focusing on three key financing instruments: Agricultural Credit Guarantee Scheme Fund (ACGFS), Deposit Money Bank Credit to Agriculture Sector (DMBCAS), and Bank of Agriculture Loan to Farmers (BALF). The study used secondary date sourced from the Central Bank of Nigeria (CBN) for the various years, employed Ex-post facto research design and multiple regression analysis as the method of analysis. Using Gross Domestic product (GDP) as the dependent variable, the study examines the extent to which these financing mechanisms influence economic performance. The findings reveal significant causal relationships from ACGFS, DMBCAS, and BALF to GDP, underscoring the pivotal role of agricultural credit in driving economic growth. Conversely, no significant causality was observed from GDP to these agricultural financing instruments, suggesting that the flow of credit into agriculture is shaped more by policy and sector-specific factors than by general economic conditions. The study concludes that enhancing agricultural financing through targeted policies and improved access to credit can significantly contribute to Nigeria's economic growth. Recommendations include strengthening agricultural financing mechanisms, expanding commercial bank engagement in agriculture, and ensuring continuous monitoring and evaluation of agricultural credit programs.",agriculture; loan; gross domestic product; bank credit; agricultural productivity; credit history,10.4038/sljbf.v8i1.64,0,
openalex,https://openalex.org/W4403490865,Impact of Agricultural Financing on Poverty Reduction and Economic Growth in Nigeria,Joseph Olufemi Ogunjobi; Olufemi Adebayo Oladipo; Damilola Felix Eluyela; Joseph Ojo Ekiran; Ezekiel Adigbole,2024,Global Research Review in Business and Economics,"The United Nations Report (2016) on common country analysis put Nigeria as a country with population of over 175million, the most populous country in Africa and the 7 th most populous in the world.However, with high population characterized by high skilled, semi-skilled and unskilled, over 80 million or 64% of her population are living below the poverty line.Also, the United Nations in 1995 characterized absolute poverty as a condition portrayed by extreme hardship of fundamental human needs, including sustenance, safe drinking water, sanitation, wellbeing, shelter, education and information.A great number of Nigerian citizens have not been able to sustain a minimum standard of living due to lack of unemployment opportunities, food security and so many other social factors.Nigeria, being an agrarian country with a vast fertile land, financing the agricultural sector will serve as a medium to reduce the high percentage of poor persons suffering from unemployment, hunger and lacking other fundamental basic needs financing this sector will form a source of motivation to the unemployed youths and farmers to increase productivity and results to economic growth of the nation.Access to financing through government or her agents, Commercial and Development Banks, Cooperative Societies and individuals will affect the outputs of agricultural sector, the income of the farmer, and the GDP simultaneously.The importance of financial sector to economic growth cannot be over emphasized as (Hossain, 2004; Beck, Demirgue-Knit & Levine, 2007;Khan, Ahmad & Jan, 2011;Uddin, Kyophilavong & Sydee, 2012; Bruhn & Love, 2013) investigated the role of financial sector on poverty, their results showed positive relationship between the two.On their part, (Shahbaz, 2009;Josephine et al., 2015) examined the empirical evidence on how financial sector affects poverty indicator.Udofia and Essang (2015) also examined agricultural expenditure and poverty alleviation in Nigeria, they found out that poor agriculture expenditure has no significant impact on poverty.In his contribution, Mckinnon (1973) explicitly explained how financial development can directly improve the well-being of the poor.He assumed that financial institutions should provide sufficient credit to the poor who must engage in self-finance investment they are useful because they offer beneficial financial opportunities for saving and economic development.Oladipo et al (2021) explained that taxation is one of the Various agricultural programmes have been undertaken by different governments in Nigeria for increased output and productivity in the agricultural sector and to alleviate poverty in the Nigerian economy.In this study, we examined the impact of agricultural financing on poverty reducing and economic growth in Nigeria using Keynesian macro-economic framework.The study made use of annual data set of Nigeria from 1981 to 2021.The Auto Regressive Distributed Lag (ARDL) co integration technique was applied.From the results, Agricultural credit grant scheme fund (ACGSF) which is the major indicator of agricultural financing shows a positive and insignificant relationship with the dependent variable Gini Coefficient Per Capita (GNIPC)-a proxy for poverty.This implies that an increase in agricultural financing will increase GNIPC that is, an increase in agricultural financing will decrease poverty rate in Nigeria but not significantly.",poverty reduction; agriculture; poverty; reduction mathematics; economics; business; agricultural economics; development economics; economic growth; geography; mathematics,10.56805/grrbe.24.10.4.44,0,
openalex,https://openalex.org/W7125702529,Impact of Rural Credit on Arable Crop Production in Aliero Local Government Area of Kebbi State,A. I. Illo; A. A. Jega; Sani Ibrahim; S. U. Hassan; M.i Oyinlo,2025,Scholarly Journal of Science and Technology Research and Development,"This study investigated the impact of rural credit markets on arable crop production in selected villages within Aliero Local Government Area (LGA) of Kebbi State, Nigeria. Specifically, it examined the socio-economic characteristics of credit market participants, analyzed the credit demand functions of rural borrowers, assessed the determinants of loan repayment, and evaluated the influence of credit utilization on input use in arable crop farming. A multistage random sampling technique was employed to choose120 respondents from six villages. Both primary and secondary data were collected through structured questionnaires and oral interviews. Data analysis involved the use of descriptive statistics (frequencies, percentages, and means) and linear regression analysis. The findings revealed that all respondents were male and married (100%), suggesting a gender imbalance in access to rural credit. Regression results indicated that educational attainment (70.6%), farming experience (7.8%), and interest rate (50.2%) significantly influenced the volume of credit demanded. Key challenges identified in rural credit operations included low literacy levels, limited access to formal credit sources, and poor organizational structures. The study concludes that while rural credit plays a significant role in enhancing input use and productivity in arable crop farming, access remains constrained—especially for women. It is therefore recommended that targeted policies be implemented to encourage female participation and improve rural financial inclusion.",arable land; local government area; descriptive statistics; agricultural productivity; rural area; loan; agriculture; productivity,10.46654/psq7nb70,0,Kebbi State University of Science and Technology
openalex,https://openalex.org/W7115575198,The Impact of Agricultural Finance Resources on Productivity Among Tanzanian Smallholder Farmers,Yohane Kitwima Magembe; Min Bai,2025,Journal of Economic Analysis,"It's clear that agricultural finance in developing countries falls short, posing significant credit constraints for smallholder farm households. Yet, understanding how credit access affects agricultural productivity in Tanzania remains limited. This study delves into this issue, exploring the impact of credit access on productivity in Tanzania, a nation with weak agricultural finance and substantial credit constraints. Using secondary cross-sectional data from 1042 smallholder farms during the 2017-2018 farming season, we employ an Endogenous Switching Regression model to address endogeneity and selection bias, with Propensity Score Matching as a robustness check. Both models consistently show that credit access boosts crop productivity for smallholder farms. Remarkably, farmers without credit could potentially increase productivity by 15.09% if credit constraints were removed. These findings underscore the importance of improving smallholders' credit access, which can significantly impact food security and poverty reduction by enhancing crop productivity and advancing the Sustainable Development Goals (SDGs).",endogeneity; productivity; agricultural productivity; food security; agriculture; access to finance; panel data; propensity score matching; tanzania,10.58567/jea05010004,0,The University of Dodoma; University of Waikato
openalex,https://openalex.org/W7128420888,Finance-Led Growth and Agricultural Development in Emerging Economies: Evidence From Nigeria’s Anchor Borrowers’ Programme,Kayode David Kolawole,2025,International Journal of Applied Research in Business and Management,"This paper examines the impact of the Anchor Borrowers’ Programme (ABP) on agricultural development in Kwara State, Nigeria, with particular attention to access to credit, collateral requirements, lending rates, and loan repayment conditions. Using survey data from 370 farmers and an ordered logit regression model, the results show that improved access to credit and flexible repayment periods significantly enhance agricultural output, while stringent collateral requirements constrain productivity. Lending rates exhibit a negative but statistically insignificant relationship with output, suggesting that structural and institutional factors play a more decisive role than pricing mechanisms in shaping farmers’ outcomes. The findings support the finance-led growth theory and highlight persistent barriers to rural credit inclusion. Policy implications emphasize expanding loan access, reforming collateral frameworks, improving repayment structures, and strengthening supporting institutions to promote agricultural productivity, food security, and rural economic transformation.",collateral; loan; agriculture; rural development; agricultural development; survey data collection; microfinance; food security; logit,10.51137/wrp.ijarbm.568,0,Walter Sisulu University
openalex,https://openalex.org/W4410414363,Prudential Measures and Monetary Policy Impact Agricultural Loans in the Great Lakes Region of Africa,Bahati Sebasore; Clément Bula Basuayi; Redempteur Ntawiratsa; Gakuru Semacumu Jean-Baptiste; Paul Senzira Ntahayo,2025,International Journal of Economics Business and Management Research,"This research sheds light on the intricate relationship between monetary policies, prudential measures, and agricultural portfolios in the low-income countries of the Economic Community of the Great Lakes Region of Africa (CEPGL). Through a meticulous methodology blending quantitative analysis and econometric models, it discerns various factors influencing agricultural loans. The study reveals a negative correlation between agricultural credit and certain variables like monetary policy, total bank assets, and political stability. Conversely, indicators such as economic stability and the presence of commercial bank branches exhibit a positive impact on agricultural lending. Interestingly, prudential measures appear to have no discernible effect on agricultural loans, which contrasts with the negative influence of monetary policy. The findings emphasize the necessity for tailored monetary policies geared towards facilitating agricultural sector financing in the CEPGL region. Furthermore, they underscore the pivotal role of governments in instituting measures to expedite land inclusion, thereby enhancing access to agricultural credit. By integrating diverse variables such as political instability, financial inclusion, insurance coverage, institutional quality, and business environment, this study pioneers a comprehensive approach to evaluating the efficacy of monetary policy and regulatory measures for agricultural portfolios in the Great Lakes Region of Africa.",agriculture; monetary policy; economics; business; financial system; geography; agricultural economics; monetary economics; archaeology,10.51505/ijebmr.2025.9417,0,
crossref,10.1177/09713441251389666,Role of Agricultural Credit in Enhancement of Paddy Productivity and Farm Income in India,Malaiarasan Umanath; Paramasivam R.; Ambika S.; Saravanakumar V.,2025,Agricultural Economics Research Review,"The present study aims to estimate the effect of agricultural credit on paddy productivity and farm income in India. Using National Sample Survey Office data for the year 2018–2019, we deploy an endogenous switching regression model to assess the real impact of access to credit, and we find that it has significantly increased productivity and income. Access to credit is also expected to benefit those who have not yet accessed it. Some of the factors that significantly determine access to institutional credit for agriculture are extension contacts through progressive farmers, training, medium-sized farms, awareness of minimum support price, crop insurance and social category. Therefore, extending credit access to all farmers and enhancing the financial literacy of paddy farmers in utilizing institutional credit are likely to contribute to increased yields and higher farm incomes. JEL Classification: D13, Q12, Q14",,10.1177/09713441251389666,0,"Madras Institute of Development Studies, Chennai, Tamil Nadu, India; School of Social Sciences and Languages, Vellore Institute of Technology, Chennai, Tamil Nadu, India; SRM College of Agricultural Sciences, Chennai, Tamil Nadu, India; Department of Agricultural Economics, Tamil Nadu Agricultural University, Coimbatore, Tamil Nadu, India"
crossref,10.56975/ijcrt.v13i5.287881,ROLE OF AGRICULTURAL CREDIT SCHEMES IN FINANCIAL INCLUSION OF FARMERS,Lawania Deepshikha,2025,INTERNATIONAL JOURNAL OF CREATIVE RESEARCH THOUGHTS,,,10.56975/ijcrt.v13i5.287881,0,
crossref,10.2174/978160805263911203010023,Effects of the European Union Farm Credit Programs on Efficiency and Productivity of the Greek Agricultural Sector: A Stochastic DEA Application,N. Rezitis Anthony; Tsiboukas Kostas; Tsoukalas Stavros,2012,Research Topics in Agricultural and Applied Economics,,,10.2174/978160805263911203010023,0,
crossref,10.51483/ijagst.1.4.2021.13-23,Impact of Access to Agricultural Credit on the Productivity of Togolese Farmers,Agbeno Yao,2021,International Journal of Agricultural Sciences and Technology,,,10.51483/ijagst.1.4.2021.13-23,0,
crossref,10.1108/afr-07-2023-0077,Agricultural credit repayment behaviour of smallholder farmers in farmer-based organisations (FBOs) under government and NGO credit programs in Ghana,Salifu Adam,2025,Agricultural Finance Review,"Purpose The availability of agricultural credit for smallholder farmers in developing countries is widely recognised as crucial for improving their productivity. This paper explores the loan repayment behaviour of smallholder farmers in farmer-based organisations (FBOs) under Ghana's government and NGO credit programs. Design/methodology/approach The analysis is based on 30 qualitative interviews with FBO members, agricultural extension agents and NGO officials in two administrative districts in Ghana. Findings Credit recovery is higher under NGO credit programs than government programs. The source of credit and the level of participation by the credit provider primarily shape the loan repayment behaviour of smallholder farmers in FBOs. The mere formation of FBOs to deliver credit to smallholder farmers would not necessarily lead to improved credit delivery and loan recovery – particularly during the early stages of FBO development – unless the loan providers participate effectively in the activities of FBOs such as ensuring the timely delivery of loans, monitoring how the loan is invested and participating actively in loan recovery during harvesting of crops. Practical implications More than just setting up FBOs is required to ensure effective repayment among FBOs and their members. Who provides the credit (i.e. whether NGO or government) and the effective participation of loan providers are necessary for effective loan recovery. Originality/value A significant novelty of this paper is that it compares credit recovery in FBOs that were set up and managed by both government agencies and NGOs, which reveals that loan repayment among FBOs is higher under NGO credit programs than government credit programs.",,10.1108/afr-07-2023-0077,0,"Research and Consultancy Centre, University of Professional Studies , ,"
crossref,10.61101/2319-250x.vol.12.issue2.10,THE EFFECTIVENESS OF AGRICULTURAL CREDIT ON AGRICULTURAL OUTPUT AND AGRICULTURAL PRODUCTIVITY: A PANEL DATA ANALYSIS OF MAJOR INDIAN STATES,Kundu Dipak,2025,"JOURNAL OF BUSINESS MANAGEMENT, COMMERCE &amp; RESEARCH",,,10.61101/2319-250x.vol.12.issue2.10,0,
crossref,10.46610/jesfr.2023.v04i02.002,Trends and Challenges of Formal Agricultural Credit in Bangladesh: Enhancing Productivity and Promoting Inclusive Growth,Sultana Nurun Nahar; Hossain Md. Nabir,2023,Journal of Economic Studies and Financial Research,"Empirical studies provide evidence that agricultural finance is crucial for agriculture structural development of an economy. Ensuring the productivity of the agricultural sector is crucially important for the timely availability of agricultural credit. The purpose of this study is to look at what is going on with agricultural credit, especially in the formal sector of banking. Throughout the years, there has been a significant increase in credit disbursed through the official sector, which includes commercial banks and other financial institutions. This is a significant development, as in the past the informal sector was dominant. Non-Governmental Organizations (NGOs), private commercial banks in the area, and foreign banks have all played a role in the provision of agricultural credit to farmers throughout the country. However, despite the increasing flow of credit from formal sector institutions, some challenges need to be addressed. Accessibility remains a concern, particularly for small and marginalized farmers who struggle to access formal credit channels. For formal agricultural credit to have a positive impact, it is necessary to ensure its widespread availability, to provide financial products that are tailored to the needs of farmers, and to implement policies that reduce inefficiency and leakages in the distribution of credit. By addressing these challenges, formal agricultural credit can play a pivotal role in enhancing agricultural productivity, empowering farmers, and driving sustainable economic growth in Bangladesh.",,10.46610/jesfr.2023.v04i02.002,0,
crossref,10.56596/jrefm.v2i2.46,"ECONOMIC ANALYSIS OF OVERTIME CHANGES IN INSTITUTIONAL AND NON-INSTITUTIONAL CREDIT OF AGRICULTURAL FARM IN BALOCHISTAN, PAKISTAN",Abro Nosheen Abdul Raheem; Ahmed Nazir; Gaho Ghulam Mustafa,2023,Journal of Research in Economics and Finance Management,"Increasing agricultural productivity and income for rural households in Pakistan's Balochistan province has depended mainly on the farming industry. The need for agricultural finance has grown because of several issues in this industry, such as escalating costs of critical farm inputs, water scarcity, and subpar irrigation systems. This research sought to investigate both available and unavailable credit trends, the size of loans made to households, the quantity of land used for agriculture, and the percentage of farm households in debt for the 1960, 1972, 1980, and 1990 census years. The study aimed to investigate the different kinds, sources, and significance of agricultural loans in Balochistan. The study's findings showed that loan availability and the growth of agricultural output nationwide and in the province of Balochistan are positively correlated. The study's findings also indicated that the province of Balochistan first reported institutional and non-institutional credit availability in 1980. For small and medium farms, the percentage of institutional credit is lower than that of non-institutional credit; however, for large farms, the institutional credit is significantly higher than that of non-institutional credit in both census years.",,10.56596/jrefm.v2i2.46,0,
crossref,10.53555/ms2yf172,IMPACT OF THE AGRICULTURAL CREDIT GUARANTEE SCHEME FUND ON AGRICULTURAL PRODUCTIVITY IN NIGERIA 1981-2020,Hill Brian J Hill,2023,"Journal of Advance Research in Business, Management and Accounting (ISSN: 2456-3544)","This study ascertains the impact of the Agricultural Credit Guarantee Scheme Fund on Agricultural Productivity in Nigeria 1981-2020. The ex-post facto research design was adopted for the study. Secondary data obtained from the Central Bank of Nigeria Annual Statistical Bulletin was used for the study. Jarque Bera test statistics was used to check for data normality while the Augmented Dickey Fuller test (ADF) was used to check the stationarity of the data. Johansen co-integration and error correction model was used to estimate the nexus that exists between the variables of the study. Findings from the study revealed that in the longrun, volume of funding to crop sector (FCP) has a positive effect on the output of crops and the effect is statistically significant. Volume of funding to livestock (FCP) is positively signed and in line with a priori expectation. Volume of funding to fishery (FFS) has positive effect on output of fishery within the period under study and this effect is in line with a priori expectation. Finally, volume of funding to forestry (FFT) is positively signed and in line with a priori expectation. The researcher concluded that quality credit to the agricultural sector is very important in both long and shortrun as agriculture plays a vital role in the life of people especially in developing countries such as Nigeria. It was recommended among others that more funding be dedicated by government to improve productivity while policy geared towards improving funding in the shortrun should be aggressively pursued by the government so as to achieve an equilibrium of positive effect of funding in both the long and shortrun period for the four sectors examined.",,10.53555/ms2yf172,0,
crossref,10.4314/joten.v14i1-2.54286,"Resource Productivity And Economic Efficiency Of Farm Credit And Non Farm Credit Users In Rivers State, Nigeria",Anyanwu So,2010,Journal of Technology and Education in Nigeria,,,10.4314/joten.v14i1-2.54286,0,
crossref,10.1007/s44279-025-00351-z,"Impact of smallholder farmers’ agricultural credit guarantee scheme on rice productivity in Shinyanga and Iringa regions, Tanzania",Sanka Marco; Makhura Moraka N.,2025,Discover Agriculture,,,10.1007/s44279-025-00351-z,0,
crossref,10.1108/ijse-12-2024-1081,The mediating role of access to credit on the agricultural productivity of rural households in Burkina Faso,Noufé Tiatité,2025,International Journal of Social Economics,"Purpose The constraint of agricultural credit is a major issue for farm households in developing countries. The objective of this paper is to analyze the mediating role of credit on agricultural productivity of rural households in Burkina Faso. Design/methodology/approach We use a sample of 8,688 maize-producing farm households during the 2017–2018 agricultural season. To account for observable and unobservable characteristics affecting maize productivity, we use an endogenous switching regression model. Findings The results show that there is a 23% productivity gap in favor of households with access to credit. The estimation results of the endogenous switching model reveal that age of household head, chemical fertilizer, gender, marital status, education, seed and livestock are the main factors determining farm households’ access to agricultural credit. The robustness of the estimates is verified by an alternative method: the conditional mixed process. Research limitations/implications The main limitation is that the article uses data from a single crop year. Practical implications The results of this article will enable agricultural policy authorities to identify the factors that can be acted upon to facilitate households’ access to agricultural credit with a view to improving their agricultural productivity. Social implications Our results encourage public authorities to consider household assets and property as collateral for access to credit. Strengthen the financial education of farm households. Originality/value This article adopts a methodological approach that takes into account selection biases and sources of observed and unobserved heterogeneity between farm households with and without access to agricultural credit. In addition to the methodology used, unlike previous studies, which have analyzed access to credit at the level of individual farmers, this article addresses the issue of access to agricultural credit at the household level. Peer review The peer review history for this article is available at: https://publons.com/publon/10.1108/IJSE-12-2024-1081",,10.1108/ijse-12-2024-1081,0,"Université de Ouahigouya , ,"
crossref,10.22541/au.164625902.22722766/v1,Reconsidering agricultural credits and agricultural productivity nexus: Evidence from a global representative panel data,Ozdemir Dicle,2022,unknown source,,,10.22541/au.164625902.22722766/v1,0,
crossref,10.17582/journal.sja/2024/40.4.1344.1353,Optimizing Agricultural Growth: Targeted Farm Credit Allocation Strategies for Sustainable Crop Yields in Pakistan,Ullah Rehmat; Ahmed Riaz; Tahir Muhammad; Nasir Abdul Majid; Muhammad Mushtaq,2024,Sarhad Journal of Agriculture,,,10.17582/journal.sja/2024/40.4.1344.1353,0,
crossref,10.21203/rs.3.rs-837417/v1,The Effects of Agricultural Financing on Agricultural Productivity in Nigeria,Danladi. Jonathan D.; Falaye Motunrayo Helen; Ochinke Nellieken Attah,2021,unknown source,"Abstract The study “The Effects of Agricultural Finance on Agricultural Productivity in Nigeria” investigated the effect of agricultural financing, both public and private on the outputs of two main sectors of agriculture: crop production and livestock production. The objectives of the study are to examine the long and short run relationship of agricultural financing on crop production and livestock production, and to examine the causal relationship between agricultural finance and agricultural productivity. To achieve these objectives, the study employed two models, each using ARDL Test, Bounds Test, and Granger causality test using time series data from 1981 to 2019.Data were obtained from CBN and World Bank data bases. Dependent variables were Crop Production and Livestock Production respectively and independent variables were Public Finance, Commercial Bank Credit to Agriculture, Inflation Rate and Interest Rate. The model was tested using descriptive statistics to analyse the significance of the relationship between the dependent and independent variables. The results show that both public and private finance were positive but insignificant in the short run. In the long run, public finance remained insignificant whereas private finance was positive and significant. Thus, private financing is more effective at improving agricultural productivity than public finance. The study also revealed a negative long run relationship between interest rate and the outputs of crop and livestock production during the period. It is therefore recommended that the government encourages private investment in agricultural activity, and puts measures in place to curb corruption and embezzlement. Government should also ensure that credit facilities are provided to farmers at low interest rate to reduce it detrimental influences.",,10.21203/rs.3.rs-837417/v1,0,ABUAD: Afe Babalola University; Afe Babalola University
